"element_ty,C,80",osmid,"highway,C,80",name,"network,C,80","public_tra,C,80","bench,C,80","operator,C,80","ref_name,C,80","route_ref,C,80","shelter,C,80","tactile_pa,C,80","bicycle_pa,C,80","bus,C,80","lines,C,94","wheelchair,C,80","designatio,C,80","local_ref,C,80","source,C,80","bin,C,80","lastcheck,C,80","passenger_,C,80","name_HVV,C,80","lit,C,80","check_date,C,80","wheelcha_1,C,80","covered,C,80","note,C,96","ref,C,80","departures,C,80","fixme,C,80","removed_re,C,80","network_wi,C,80","network__1,C,80","descriptio,C,80","comment,C,80","name_note,C,80","toilets_wh,C,80","check_da_1,C,80","level,C,80","network_sh,C,80","name_descr,C,89","line,C,80","check_da_2,C,80","amenity,C,80","loc_name,C,80","railway,C,80","name_sourc,C,80","shelter_de,C,80","surface,C,80","nodes,C,80","layer,C,80"
node,1830066645,bus_stop,Abzweigung Bennerstedt,HVV,platform,,,,,,,,,,,,,,,,,,,,,,,,,,,,,,,,,,,,,,,,,,,,,,
node,8523611360,bus_stop,Lüneburger Straße,HVV,platform,yes,KVG,"Barendorf, L?neburger Stra?e",5300,5361,5362,AST,yes,yes,,,,,,,,,,,,,,,,,,,,,,,,,,,,,,,,,,,,,
node,4363687998,bus_stop,"Karze, An den Hauskoppeln",HVV,platform,yes,VOG,,5104,5111,5152-ASM,yes,no,yes,,,,,,,,,,,,,,,,,,,,,,,,,,,,,,,,,,,,,
node,175237700,bus_stop,Universitätsallee,HVV,platform,,KVG,"L?neburg, Scharnhorststra?e (Ost)",,no,,,yes,5605,,yes,,,,,,,,,,,,,,,,,,,,,,,,,,,,,,,,,,,
node,957142825,bus_stop,"Artlenburg, Grünstraße",HVV,platform,yes,,,,yes,,,,,,Gr?nstr.,Gr?nstr.,seb1982,,,,,,,,,,,,,,,,,,,,,,,,,,,,,,,,,
node,293938369,bus_stop,Bei Mönchsgarten,HVV,platform,no,KVG,"L?neburg, Bei M?nchsgarten",5009,ASM,no,no,,,,limited,,,,,,,,,,,,,,,,,,,,,,,,,,,,,,,,,,,
node,298511484,bus_stop,Hermann-Löns-Straße,HVV,platform,,KVG,"L?neburg, Hermann L?ns Stra?e",,yes,,,yes,5015,5110,5901,5918,,,,,,,,,,,,,,,,,,,,,,,,,,,,,,,,,,
node,114241120,bus_stop,Wilhelm-Leuschner-Straße,HVV,platform,yes,KVG,"L?neburg, Wilhelm-Leuschner-Stra?e",,yes,no,,yes,5011,5014,limited,,,,yes,20141012,no,,,,,,,,,,,,,,,,,,,,,,,,,,,,,
node,1459109815,bus_stop,Graf-von-Moltke-Straße,HVV,platform,yes,KVG,"L?neburg, Graf-von-Moltke-Stra?e",,yes,yes,,yes,5011,5014,,,,,yes,20141012,no,,,,,,,,,,,,,,,,,,,,,,,,,,,,,
node,414692562,bus_stop,St.-Stephanus-Platz,HVV,platform,yes,KVG,"L?neburg, St.-Stephanus-Platz",,yes,yes,,yes,5011,5014,5300,5361,5362:5405,5700,5920,5120,yes,,,,yes,20141012,no,"L?neburg, St.-Stephanus-Platz",,,,,,,,,,,,,,,,,,,,,,
node,7960254627,bus_stop,Konrad-Adenauer-Straße,HVV,platform,yes,KVG,"L?neburg, Konrad-Adenauer-Stra?e",,no,yes,,yes,5011,5601,,,,,yes,20141012,no,,yes,,,,,,,,,,,,,,,,,,,,,,,,,,,
node,275404815,bus_stop,Waldfriedhof,HVV,platform,yes,KVG,"L?neburg, Waldfriedhof",,yes,no,,yes,5011,yes,,,,yes,20141012,no,,,,,,,,,,,,,,,,,,,,,,,,,,,,,,
node,1872332223,bus_stop,Schäferfeld,HVV,platform,no,KVG,"L?neburg, Sch?ferfeld",,no,no,,yes,5011,,,,,yes,20141012,no,"L?neburg, Sch?ferfeld",no,,,,,,,,,,,,,,,,,,,,,,,,,,,,
node,279632687,bus_stop,Kurt-Schumacher-Straße,HVV,platform,no,KVG,"L?neburg, Kurt-Schuhmacher-Stra?e",,no,no,,yes,5011,,,,,yes,20141012,no,"L?neburg, Kurt-Schumacher-Stra?e",no,,,,,,,,,,,,,,,,,,,,,,,,,,,,
node,307769211,bus_stop,Blümchensaal,HVV,platform,no,KVG,"L?neburg, Bl?mchensaal",,no,no,,,5011,,,,,no,20141012,no,"L?neburg, Bl?mchensaal",,2021-05-05,,,,,,,,,,,,,,,,,,,,,,,,,,,
node,1053737986,bus_stop,Theodor-Heuss-Straße,HVV,platform,yes,KVG,"L?neburg, Theodor-Heuss-Stra?e",,yes,no,,yes,5010,5014,,,,,yes,20141026,no,,,,,,,,,,,,,,,,,,,,,,,,,,,,,
node,301861007,bus_stop,Venusberg (Johanneum),HVV,platform,yes,KVG,"L?neburg, Venusberg (Johanneum)",,yes,no,,yes,5014,5361,5362,5405,5920,5620,5700,,,,,yes,20141012,no,,,,,,,,,,,,,,,,,,,,,,,,
node,301860995,bus_stop,Ziegelkamp,HVV,platform,yes,KVG,"L?neburg, Ziegelkamp",,yes,yes,,yes,5014,,,,,yes,20141012,no,,,,,,,,,,,,,,,,,,,,,,,,,,,,,,
node,201192065,bus_stop,Am Schützenplatz,HVV,platform,no,KVG,"L?neburg, Am Sch?tzenplatz",,no,no,,yes,5007,5010,5011,5012,5014,5015,5100,5110,5300,5361,5901,5918,5920,,,,,yes,20141026,no,,,,,,,,,,,,,,,,,,
node,309164430,bus_stop,"Deutsch Evern, Triftstraße",,platform,,,,5020,5606,ASM,yes,,,yes,,,,,,,,,,,,,,,,,,,,,,,,,,,,,,,,,,,,
node,272771855,bus_stop,Becklingen,,platform,,,,5303,yes,,,,,,,,,,,,,,,,,,,,,,,,,,,,,,,,,,,,,,,,,
node,311743901,bus_stop,"Radbruch, Schäfer-Ast-Straße",,platform,,,,5403,yes,,,,,limited,,,,,,,,,,,,,,,,,,,,,,,,,,,,,,,,,,,,
node,4133634392,bus_stop,"Thomasburg, Radenbecker Weg",,platform,,,,5114,5362,yes,,,,,,,,,,,,,,,,,,,,,,,,,,,,,,,,,,,,,,,,
node,313574492,bus_stop,Abzweig Dumstorf,HVV,platform,yes,KVG,"Dahlenburg, Abzweig Dumstorf",5300,5304,yes,no,,,,,,,,yes,,,,no,,,,,,,,,,,,,,,,,,,,,,,,,,,
node,3790432850,bus_stop,"Kästorf, Abzw. Barskamp",,platform,,,,5103,no,,,,,,,,,,,,,,,,,,,,,,,,,,,,,,,,,,,,,,,,,
node,1713950571,bus_stop,Abzweig Radenbeck,HVV,platform,yes,,"Radenbeck, Abzweig Radenbeck",,yes,no,,,"5300, 5304, 5361",,,,,yes,,,,no,,,,,,,,,,,,,,,,,,,,,,,,,,,,
node,369792808,bus_stop,Mitte / B216,HVV,platform,yes,KVG,"Bavendorf, Mitte / B216",5300,5304,5361,yes,no,,,,,,,,,,,,,,,,,,,,,,,,,,,,,,,,,,,,,,
node,319989751,bus_stop,Breetzer Straße,HVV,platform,,,,,,,,yes,,,,,,,,,,,,,,,,,,,,,,,,,,,,,,,,,,,,,,
node,276915521,bus_stop,Wichernstraße,HVV,platform,,KVG,"L?neburg, Wichernstra?e",,,,,,5012,,,,,,,,,,,,,,,,,,,,,,,,,,,,,,,,,,,,,
node,1690093376,bus_stop,Anna-Vogeley-Heim,HVV,platform,,KVG,"L?neburg, Anna-Vogeley-Heim",,,,,,5012,,,,,,,,,,,,,,,,,,,,,,,,,,,,,,,,,,,,,
node,1690093389,bus_stop,Am Elsenbruch,HVV,platform,,KVG,"L?neburg, Am Elsenbruch",,,,,yes,,,,,,,,,,,,,,,,,,,,,,,,,,,,,,,,,,,,,,
node,322053789,bus_stop,Röntgenstraße / Kirche,HVV,platform,,KVG,"L?neburg, R?ntgenstra?e (Kirche)",,,,,,5012,,,,,,,,,,,,,,,,,,,,,,,,,,,,,,,,,,,,,
node,322051827,bus_stop,Röntgenstraße,HVV,platform,,KVG,"L?neburg, R?ntgenstra?e",,,,,,5012,,,,,,,,,,,,,,,,,,,,,,,,,,,,,,,,,,,,,
node,322053484,bus_stop,Planckstraße,HVV,platform,,KVG,"L?neburg, Planckstra?e",,,,,,5012,,,,,,,,,,,,,,,,,,,,,,,,,,,,,,,,,,,,,
node,323130818,bus_stop,Neetzebrücke,HVV,platform,,KVG,"Neetze, Neetzebr?cke",5100,5110,no,,,,,,,,,,,,,,,,,,,,,,,,,,,,,,,,,,,,,,,,
node,333248611,bus_stop,Reichenbachplatz,HVV,platform,yes,KVG,"L?neburg, Reichenbachplatz",,yes,yes,,yes,,yes,,,,yes,,,,,,Kein Kasseler Bord,,,,,,,,,,,,,,,,,,,,,,,,,,
node,332606128,bus_stop,Bürgeramt,HVV,platform,no,KVG,"L?neburg, B?rgeramt",,no,yes,,yes,5002,5010,5014,,,,,yes,,,,,,,,,,,,,,,,,,,,,,,,,,,,,,
node,336363945,bus_stop,"Radenbeck, Siedlung",HVV,platform,,,,,,,,,5362,,,,,,,,,,,,,,,,,,,,,,,,,,,,,,,,,,,,,
node,314666239,bus_stop,Markt,HVV,platform,,,"Dahlenburg, Markt",5103,5300,5301,5302,5303,5304,5362,yes,,,,,,,,,,,,,,,,,,,,,,,,,,,,,,,,,,,
node,317179812,bus_stop,Meisterweg,HVV,platform,,KVG,"L?neburg, Meisterweg",,,,,yes,,,,,,,,,,,,,,,,,,,,,,,,,,,,,,,,,,,,,,
node,705465966,bus_stop,Hansestraße,HVV,platform,yes,KVG,"L?neburg, Hansestra?e",,yes,yes,,yes,5015,,,,,yes,20141213,no,,yes,,,,,,,,,,,,,,,,,,,,,,,,,,,,
node,296886493,bus_stop,Henningstra?e,HVV,platform,,KVG,"L?neburg, Henningstra?e",,,,,yes,5007,5015,,,,,,,,,,,,,,,,,,,,,,,,,,,,,,,,,,,,
node,201192013,bus_stop,Pulverweg (Nord),HVV,platform,,KVG,"L?neburg, Pulverweg Nord",,no,no,,yes,5007,5012,5015,,,,,,,,,,,,,,,,,,,,,,,,,,,,,,,,,,,
node,274309813,bus_stop,Theodor-Haubach-Straße,HVV,platform,no,KVG,"L?neburg, Theodor-Haubach-Stra?e",,no,no,,yes,5014,limited,,,,no,20141012,no,,,,,,,,,,,,,,,,,,,,,,,,,,,,,,
node,114240790,bus_stop,Bülows Kamp,HVV,platform,yes,KVG,"L?neburg, B?lows Kamp",,yes,no,,yes,5014,,,,,yes,20141012,no,,,,,,,,,,,,,,,,,,,,,,,,,,,,,,
node,414685401,bus_stop,Klosterkamp,HVV,platform,yes,KVG,"L?neburg, Klosterkamp",,yes,no,,yes,5014,,,,,no,20141012,no,,,,,,,,,,,,,,,,,,,,,,,,,,,,,,
node,1249144962,bus_stop,Hermann-Wagner-Straße,HVV,platform,no,KVG,"L?neburg, Hermann-Wagner-Stra?e",,no,no,,,5014,,,,,yes,20141012,no,,,2021-05-07,,,,,,,,,,,,,,,,,,,,,,,,,,,
node,282853219,bus_stop,Hinrich-Wilhelm-Kopf-Straße,HVV,platform,no,KVG,"L?neburg, Hinrich-Wilhelm-Kopf-Stra?e",,no,no,,yes,5014,,,,,yes,20141012,no,"L?neburg, Hinrich-Wilhelm-Kopf-Stra?e",,,,,,,,,,,,,,,,,,,,,,,,,,,,,
node,452997887,bus_stop,"Handorf, Grundschule",HVV,platform,no,KVG,,5402,ASM,no,no,,,,,,,,no,,,,,,,,,,,,,,,,,,,,,,,,,,,,,,,
node,2301671297,bus_stop,Im Kirchfelde,HVV,platform,yes,,"Mechtersen, Im Kirchfelde",5009,5404,yes,no,,,,,,,,yes,,,,yes,,,,,,,,,,,,,,,,,,,,,,,,,,,
node,292157701,bus_stop,"Barum, Am Sportplatz",HVV,platform,no,KVG,"Barum, Am Sportplatz",5405,no,no,,,,,,,,no,,,,,2021-09-30,,,,,,,,,,,,,,,,,,,,,,,,,,,
node,4013236506,bus_stop,Am Sande,HVV,platform,yes,,"L?neburg, Am Sande A",5001,5003,5007,5011,5012,5015,5600,5605,5700,yes,no,,yes,,yes,,A,,yes,,,"L?neburg, Am Sande (BereichA)",yes,,,,,,,,,,,,,,,,,,,,
node,7173992955,bus_stop,Oedeme Dorf,HVV,platform,yes,KVG,"L?neburg, Oedeme Dorf",5007,5201,5203,ASM,yes,no,,,,,,,,yes,,,,,2021-02-03,,,,,,,,,,,,,,,,,,,,,,,,
node,374359791,bus_stop,Im Kamp,HVV,platform,no,KVG,"L?neburg, Im Kamp",5007,5920,ASM,no,no,,,,,,,,,,,,,,,,,,,,,,,,,,,,,,,,,,,,,,
node,276915516,bus_stop,Scharnhorststraße/DJH,HVV,platform,,KVG,"L?neburg, Scharnhorststra?e/DJH",,no,yes,,yes,,,,,,,,,,,,,,,,,,,,,,,,,,,,,,,,,,,,,,
node,1658400344,bus_stop,Blücherstraße,HVV,platform,yes,KVG,"L?neburg, Bl?cherstra?e",,yes,yes,,yes,5011,5012,5600,5605,,,,,,,,,,,,yes,,,,,,,,,,,,,,,,,,,,,,
node,249238920,bus_stop,Imkerstieg,HVV,platform,yes,KVG,"L?neburg, Imkerstieg",5005,ASM,yes,no,,,,,,,,yes,,,,yes,,,,,,,,,,,,,,,,,,,,,,,,,,,
node,387439255,bus_stop,Neue Straße,HVV,platform,no,KVG,"Adendorf, Neue Stra?e",,no,no,,yes,5006,5007,,,,,,,,,,2021-05-22,,,Position eingemessen,618398,,,,,,,,,,,,,,,,,,,,,,
node,546443116,bus_stop,Danziger Weg,HVV,platform,yes,KVG,"Adendorf, Danziger Weg",,yes,yes,,,,,,,,,,,,no,2021-03-06,,,,,,,,,,,,,,,,,,,,,,,,,,,
node,268638584,bus_stop,MTV-Platz,HVV,platform,yes,KVG,"L?neburg, MTV-Platz",,yes,no,,yes,,,,,,yes,,,,yes,,Kein Kasseler Bord,,,,,,,,,,,,,,,,,,,,,,,,,,
node,111246549,bus_stop,Kurpark,HVV,platform,yes,KVG,"L?neburg, Kurpark",,no,no,,yes,5011,,,,,yes,,,,no,,Kein Kasseler Bord,,,,,,,,,,,,,,,,,,,,,,,,,,
node,114242620,bus_stop,Uelzener Straße (Kurzentrum),HVV,platform,yes,KVG,"L?neburg, Uelzener Stra?e (Kurzentrum)",,no,no,,yes,,yes,,,,yes,,,,no,,Kein Kasseler Bord,,,,,,,,,,,,,,,,,,,,,,,,,,
node,305382797,bus_stop,Munstermannskamp,HVV,platform,,KVG,"L?neburg, Munstermannskamp",,yes,no,,yes,,,,,,,,,,,,,,,,,,,,,,,,,,,,,,,,,,,,,,
node,402986884,bus_stop,Osterwiese,HVV,platform,yes,KVG,"L?neburg, Osterwiese",,yes,no,,,5011,5203,5920,,,,,yes,,,,,,,,,,,,,,,,,,,,,,,,,,,,,,
node,403012178,bus_stop,Klosterweg,HVV,platform,yes,KVG,"L?neburg, Klosterweg",,yes,no,,,5011,5203,5920,,,,,yes,,,,,,,,,,,,,,,,,,,,,,,,,,,,,,
node,3348587797,bus_stop,Ginsterweg,HVV,platform,no,KVG,"L?neburg, Ginsterweg",,no,no,,yes,"5007, 5700",,,,,yes,,,,,,Kein Kasseler Bord,,,,,,,,,,,,,,,,,,,,,,,,,,
node,1057013365,bus_stop,Am Schwalbenberg,HVV,platform,yes,KVG,"L?neburg, Am Schwalbenberg",,yes,no,,yes,5011,5600,,,,,yes,20141012,no,,,,,,,,,,,,,,,,,,,,,,,,,,,,,
node,262253660,bus_stop,Wallstraße (Theater),HVV,platform,yes,KVG,"L?neburg, Wallstra?e (Theater)",,yes,yes,,yes,5002,5003,5005,5007,5009,5010,5011,5013,5014,5015,5200,5202,5405,5600,5601,5605,5606,5700,5702,,,,,yes,,,,yes,,,,,,,,,,
node,539018433,bus_stop,Postamt,HVV,platform,yes,KVG,"L?neburg, Postamt",,yes,no,,yes,5003,5007,5011,5300,,,,,yes,,,,yes,2021-06-13,Kein Kasseler Bord vorhanden,,,,,,,,,,,,,,,,,,,,,,,
node,297426712,bus_stop,Hasenburg,HVV,platform,,KVG,"L?neburg, Hasenburg",,yes,,,,,yes,,,,,,,,,,,,,,,,,,,,,,,,,,,,,,,,,,,,
node,389948830,bus_stop,Eintracht Sportplatz,HVV,platform,yes,KVG,"L?neburg, Eintracht Sportplatz",5011,5203,5700,5920,ASM,yes,no,,,,,,,,yes,,,,,,,,,,,,,,,,,,,,,,,,,,,,
node,402916911,bus_stop,Am Bahnhof Rettmer,HVV,platform,no,KVG,"L?neburg, Am Bahnhof Rettmer",,no,no,,,5011,,,,,,,,,,,,,,,,,,,,,,,,,,,,,,,,,,,,,
node,403012164,bus_stop,Wiesengrund,HVV,platform,no,KVG,"L?neburg, Wiesengrund",,no,no,,,5011,5203,5920,,,,,yes,,,,,,,,,,,,,,,,,,,,,,,,,,,,,,
node,2618162533,bus_stop,Pilgerpfad,HVV,platform,yes,KVG,"L?neburg, Pilgerpfad",5003,5011,5203,5921,5922,ASM,yes,no,,,,no,,,,yes,,,,yes,,Stufe in den Bus sind recht hoch,,,,,,,,,,,,,,,,,,,,,
node,7799257024,bus_stop,Am Wischfeld,HVV,platform,yes,KVG,"L?neburg, Am Wischfeld",,yes,yes,,,5011,5203,5920,ASM,,,,,yes,,,,yes,,,,,,,,,,,,,,,,,,,,,,,,,
node,3267192184,bus_stop,Hessenweg (Mitte),HVV,platform,yes,KVG,"L?neburg, Hessenweg (Mitte)",5003,5011,5203,5921,5922,ASM,yes,no,,,,,,,,yes,,,,yes,,,,,,,,,,,,,,,,,,,,,,,
node,393498311,bus_stop,Am Bäckfeld,HVV,platform,yes,KVG,"L?neburg, Am B?ckfeld Post",5003,5011,5203,5921,5922,ASM,yes,no,,,,,,,,yes,,,,yes,,,,,,,,,,,,,,,,,,,,,,,
node,402916874,bus_stop,Häcklinger Weg,HVV,platform,no,KVG,"L?neburg, H?cklinger Weg",5011,5203,5921,5922,ASM,no,no,,,,,,,,,,,,,,,,,,,,,,,,,,,,,,,,,,,,
node,353270704,bus_stop,B 4 Parkplatz,HVV,platform,no,KVG,,,no,no,,,,,,,,,,,,,,,,,,,,,,,,,,,,,,,,,,,,,,,,
node,268415869,bus_stop,Stadttheater,HVV,platform,yes,KVG,"L?neburg, Stadttheater",,yes,no,,yes,5201,yes,,,,no,,,,no,,,,,,,,,,,,,,,,,,,,,,,,,,,,
node,2907063685,bus_stop,Sültenweg,HVV,platform,,KVG,"L?neburg, S?ltenweg",5015,5919,ASM,no,no,,yes,,yes,,,,,,,,,,,,,,,,,,,,,,,,,,,,,,,,,,
node,318640483,bus_stop,Am Grasweg,HVV,platform,no,KVG,"L?neburg, Am Grasweg",5015,5919,ASM,no,no,,,,,,,,,,,,,,,,,,,,,,,,,,,,,,,,,,,,,,
node,382390327,bus_stop,Jägerstraße,HVV,platform,no,KVG,"L?neburg, J?gerstra?e",,no,no,,yes,5919,,,,,yes,,,,,,,,,,no,,,,,,,,,,,,,,,,,,,,,,
node,268233024,bus_stop,Johanna-Stegen-Straße,HVV,platform,yes,KVG,"L?neburg, Johanna-Stegen-Stra?e",,yes,no,,yes,5013,5200,5202,5919,yes,,,,yes,,,,yes,,,,,,,,,,,,,,,,,,,,,,,,,
node,178848802,bus_stop,Vor dem Neuen Tore,HVV,platform,no,KVG,"L?neburg, Vor dem Neuen Tore",,no,no,,,5013,5202,5919,,,,,,,,,,2020-12-29,,,,,,,,,,,,,,,,,,,,,,,,,
node,828077495,bus_stop,Dörnbergstraße,HVV,platform,no,KVG,"L?neburg, D?rnbergstra?e",,no,no,,yes,5009,5919,limited,,,,,,,,,,,,,,,,,,,,,,,,,,,,,,,,,,,
node,308648777,bus_stop,Witzendorffstraße,HVV,platform,,KVG,"L?neburg, Witzendorffstra?e",5005,5402,5404,ASM,no,,,,,yes,,,,,,,,,,,,,,,Position ist nicht exakt ..,,,,,,,,,,,,,,,,,,
node,4827722223,bus_stop,Ebelingweg,HVV,platform,,KVG,"L?neburg, Ebelingweg",,no,no,,yes,5005,5919,,,,,,,,,,,,,,,,,,,,,,,,,,,,,,,,,,,,
node,414191921,bus_stop,Naruto-Straße,HVV,platform,,KVG,"L?neburg, Naruto-Stra?e",5005,5919,ASM,no,,,,,,,,,,,,,,,,,,,,,,,,,,,,,,,,,,,,,,,
node,381911675,bus_stop,Krähornsberg,HVV,platform,,KVG,"L?neburg, Kr?hornsberg",5005,5919,ASM,,,,,,,,,,,,,,,,,,,,,,,,,,,,,,,,,,,,,,,,
node,414237511,bus_stop,Teilfeld,HVV,platform,yes,KVG,"L?neburg, Teilfeld",5005,ASM,yes,no,,,,yes,,,,yes,,,,no,,,,,,,,,,,,,,,,,,,,,,,,,,,
node,2371152648,bus_stop,Wilhelm-Hänel-Weg,HVV,platform,yes,KVG,"L?neburg, Wilhelm-H?nel-Weg",,yes,,,yes,5002,5405,5402,5404,,,,,,,,,,,,,,,,,,,,,,,,,,,,,,,,,,
node,317133890,bus_stop,Am Wildgehege,HVV,platform,,KVG,"L?neburg, Am Wildgehege",,,,,yes,5005,5919,,,,,,,,,,,,,,,,,,,,,,,,,,,,,,,,,,,,
node,1037002221,bus_stop,Laffertstraße,HVV,platform,,KVG,"L?neburg, Laffertstra?e",,,,,yes,5005,5402,5405,,,,,,,,,,,,,,,,,,,,,,,,,,,,,,,,,,,
node,293976961,bus_stop,Schomakerstraße,HVV,platform,no,KVG,"L?neburg, Schomakerstra?e",5005,ASM,no,no,,yes,,,,,,,,,,,,,,,,,,,,,,,,,,,,,,,,,,,,,
node,178844318,bus_stop,Am Springintgut,HVV,platform,,KVG,"L?neburg, Am Springintgut",,no,,,yes,"5005, 5013",,,,,,,,,,,,,,,,,,,,,,,,,,,,,,,,,,,,,
node,121149168,bus_stop,Am Graalwall,HVV,platform,yes,KVG,"L?neburg, Am Graalwall",,yes,yes,,yes,5005,5009,5013,5200,5202,,,,,yes,,,,,,,,,,,,,,,,,,,,,,,,,,,,
node,2990731692,bus_stop,Neue Sülze,HVV,platform,yes,KVG,"L?neburg, Neue S?lze",,yes,no,,yes,5002,5005,5009,5010,5013,5014,5200,5202,5405,,,,,,,,,,,,,,,,,,,,,,,,,,,,,
node,262253493,bus_stop,Lambertiplatz,HVV,platform,yes,KVG,"L?neburg, Lambertiplatz",,yes,no,,yes,5002,5005,5009,5010,5013,5014,5015,5200,5202,5405,yes,,,,yes,,,,yes,,Kein Kasseler Bord vorhanden,,,,,,,,,,,,,,,,,
node,262229788,bus_stop,Rathaus,HVV,platform,,KVG,"L?neburg, Rathaus",,yes,,,yes,5002,5005,5009,5010,5013,5014,516,5200,5202,,,,,,,,,yes,,,,,,,,,,,,,,,,,,,,
node,181308509,bus_stop,Kefersteinstraße (UNI),HVV,platform,no,KVG,"L?neburg, Kefersteinstra?e/Universit?t",,no,no,,yes,5001,5012,yes,,,,yes,,,,,,Kein Kasseler Bord,,,,,,,,,,,,,,,,,,,,,,,,,
node,109895066,bus_stop,Gut Willerding,HVV,platform,,KVG,"Wendisch Evern, Gut Willerding",,no,,,,5361,5362,5601,,,,,,,,,,,,,,,,,,,,,,,,,,,,,,,,,,,
node,385545644,bus_stop,Bahnhof,HVV,platform,no,KVG,"Deutsch Evern, Bahnhof",,no,yes,,yes,5601,5605,5606,yes,,,,,,,,no,,,,,,,,,,,,,,,,,,,,,,,,,,
node,385545626,bus_stop,Von-Kleist-Weg,HVV,platform,,KVG,"Deutsch Evern, V.-Kleist-Weg",,,,,yes,5601,5605,5606,,,,,,,,,,,,,,,,,,,,,,,,,,,,,,,,,,,
node,1834313719,bus_stop,"Deutsch Evern, Fritz-Reuter-Straße",,platform,no,,,5020,5606,no,yes,,yes,,,,,,,,,,yes,,,,,,,,,,,,,,,,,,,,,,,,,,,
node,1834313713,bus_stop,"Deutsch Evern, Friedhof",,platform,yes,,,5020,5606,yes,yes,,yes,,,,,,,,,,no,,,,,,,,,,,,,,,,,,,,,,,,,,,
node,420381006,bus_stop,Deutsch Everner Weg,HVV,platform,no,KVG,"Melbeck, Deutsch Everner Weg",,no,no,,,5605,5606,yes,,,,,,,,,,,,,,,,,,,,,,,,,,,,,,,,,,,
node,385545545,bus_stop,"Deutsch Evern, An der Ilmenau",,platform,yes,,,5020,5606,ASM,yes,no,,yes,,yes,,,,,,,,,,,,,,,,,,,,,,,,,,,,,,,,,,
node,393415825,bus_stop,"Deutsch Evern, Wandelfeld",,platform,yes,,,5020,5606,yes,no,,yes,,,,,,,,,,,,,,,,,,,,,,,,,,,,,,,,,,,,,
node,385545543,bus_stop,"Deutsch Evern, Finkenstieg",,platform,,,,5020,5606,no,,,yes,,,,,,,,,,,,,,,,,,,,,,,,,,,,,,,,,,,,,
node,385545536,bus_stop,"Deutsch Evern, Petersberg",,platform,,,,5020,5606,yes,,,yes,,,,,,,,,,,,,,,,,,,,,,,,,,,,,,,,,,,,,
node,272618493,bus_stop,"Deutsch Evern, Am Tiergarten",,platform,no,,,5606,no,no,,yes,,,,,,,,,,,,,,,,,,"Deutsch Evern, Nordausgang",,,,,,,,,,,,,,,,,,,,
node,7462422450,bus_stop,"Deutsch Evern, Tiergartenstraße",,platform,,,,5606,ASM,yes,,,,,,,,,,,,,,,,,,,,,,,,,,,,,,,,,,,,,,,,
node,309179087,bus_stop,"Deutsch Evern, Birkenweg",,platform,yes,,,5020,5606,no,yes,,yes,,yes,,,,,,,,,,,,,,,,,,,,,,,,,,,,,,,,,,,
node,5254285882,bus_stop,Schützenstraße,HVV,platform,,KVG,"Deutsch Evern, Sch?tzenstra?e",,,,,yes,5606,yes,,,,,,,,,,,,,,,,,,,,,,,,,,,,,,,,,,,,
node,2316338604,bus_stop,Im Alten Dorfe,HVV,platform,yes,KVG,"S?dergellersen, Im Alten Dorfe",5201,5203,yes,,,,,yes,,,,,,,,,,,,,,,,,,,,,,,,,,,,,,,,,,,
node,181396837,bus_stop,Am Kreideberg,HVV,platform,,KVG,"L?neburg, Am Kreideberg",,no,no,,yes,5014,yes,,,,,,,,,,,,,,,,,,,,,,,,,,,,,,,,,,,,
node,181396824,bus_stop,Stöteroggestraße (Süd),HVV,platform,,KVG,"L?neburg, St?teroggestra?e (S?d)",,no,no,,yes,5014,,,,,,,,,,,,,,,,,,,,,,,,,,,,,,,,,,,,,
node,500905961,bus_stop,Boizenburger Straße,HVV,platform,no,KVG,"L?neburg, Boizenburger Stra?e",,no,no,,yes,5014,limited,,,,yes,,,,no,,,,,,,,,,,,,,,,,,,,,,,,,,,,
node,1029618352,bus_stop,Thorner Straße (West),HVV,platform,,KVG,"L?neburg, Ostpreu?enring",,no,,,yes,5014,,,,,,,,,,,,,,,,,,,,,,,,,,,,,,,,,,,,,
node,312506373,bus_stop,Thorner Platz,HVV,platform,yes,KVG,"L?neburg, Thorner Platz",,no,no,,,5014,5405,5404,5919,5402,,,,,yes,,,,,,Kein Kasseler Bord,,,,,,,,,,,,,,,,,,,,,,
node,253248083,bus_stop,Salzwedeler Straße,HVV,platform,no,KVG,"L?neburg, Salzwedeler Stra?e",,no,no,,,5014,,,,,yes,,,,no,2021-07-27,,,,,,,,,,,,,,,,,,,,,,,,,,,
node,312510075,bus_stop,Elbinger Straße,HVV,platform,,KVG,"L?neburg, Elbinger Stra?e",,no,,,,5014,,,,,,,,,,,,,,,,,,,,,,,,,,,,,,,,,,,,,
node,312510076,bus_stop,Dessauer Straße,HVV,platform,no,KVG,"L?neburg, Dessauer Stra?e",5014,ASM,no,no,,,,,,,,no,,,,no,,,,,,,,,,,,,,,,,,,,,,,,,,,
node,534870775,bus_stop,Magdeburger Straße,HVV,platform,no,KVG,"L?neburg, Magdeburger Stra?e",,no,yes,,,5014,,,,,yes,,,,yes,,,,,,,,,,,,,,,,,,,,,,,,,,,,
node,534870781,bus_stop,Stöteroggestraße (Nord),HVV,platform,yes,KVG,"L?neburg, St?teroggestra?e (Nord)",5014,ASM,yes,yes,,,,,,,,yes,,,,yes,,,,,,,,,,,,,,,,,,,,,,,,,,,
node,2537095304,bus_stop,Brücke,HVV,platform,,KVG,"Wittorf, Br?cke",5405,yes,,,,,,,,,,,,,,,,,,,,,,,,,,,,,,,,,,,,,,,,,
node,408449519,bus_stop,Hasenburger Weg,HVV,platform,,KVG,"L?neburg, Hasenburger Weg",5007,5920,ASM,no,,,,,,,,,,,,,,,,,,,,,,,,,,,,,,,,,,,,,,,
node,1678365436,bus_stop,Wallstraße,HVV,platform,no,KVG,"Bardowick, Wallstra?e",5002,5402,5405,no,no,,yes,,,,,,,,,,,2021-05-04,,,,,,,,,,,,,,,,,,,,,,,,,
node,312185027,bus_stop,Elba,HVV,platform,no,KVG,"Adendorf, Elba",,no,no,,,,,,,,no,,,,no,,,,,,,,,,,,,,,,,,,,,,,,,,,,
node,9028646324,bus_stop,Landwehrplatz,,platform,,,"Reppenstedt, Landwehrplatz",5013,5200,5202,ASM,yes,,,,,,,,,,,,,,,,,,,,,,,,,,,,,,,,,,,,,,
node,443886412,bus_stop,Bardowicker Straße,,platform,no,,"Scharnebeck, Bardowicker Stra?e",5104,5110,5901,no,no,,,,,,,,,,,,,2021-04-26,,,,,,,,,,,,,,,,,,,,,,,,,
node,344892589,bus_stop,Lübbelau,HVV,platform,,,"Scharnebeck, L?bbelau",,yes,,,,,,,,,,,,,,,,,,,,,,,,,,,,,,,,,,,,,,,,,
node,286511203,bus_stop,Finkenweg,HVV,platform,no,PVG,,5009,5404,ASM,no,no,,yes,,limited,,,,,,,,,,,,,,,,,Q896916,de:Hamburger Verkehrsverbund,,,,,,,,,,,,,,,,
node,314645636,bus_stop,"Lemgrabe, Am Hasenberg",,platform,,,,5303,ASM,no,,,,,,,,,,,,,,,,,,,,,,,,,,,,,,,,,,,,,,,,
node,1599089598,bus_stop,Lilienthalstraße,HVV,platform,no,KVG,"L?neburg, Lilientalstra?e",5100,5120,5010,no,no,,,5100,5120,5010,,,,,no,20141026,no,,,,,,,,,,,,,,,,,,,,,,,,,,
node,1599748806,bus_stop,Von-Stern-Straße,HVV,platform,no,KVG,"L?neburg, Von-Stern-Stra?e",5010,5100,5120,no,no,,,5010,5100,5120,,,,,no,20141026,no,,,,,,,,,,,,,,,,,,,,,,,,,,
node,119994771,bus_stop,Eisenwerk,HVV,platform,no,KVG,"L?neburg, Eisenwerk",5010,5100,5120,no,no,,,5010,5100,5120,,,,,no,20141026,no,,,,,,,,,,,,,,,,,,,,,,,,,,
node,7819577982,bus_stop,Gebrüder-Heyn-Straße,HVV,platform,no,KVG,"L?neburg, Gebr?der-Heyn-Stra?e",5010,no,no,,,5010,,,,,no,20141026,no,,,,,,,,,,,,,,,,,,,,,,,,,,,,,,
node,373161834,bus_stop,Hagen-Schule,HVV,platform,no,KVG,"L?neburg, Hagen/Schule",5012,5100,5120,5300,5304,5362,5402,5700,no,yes,,yes,,,,,,yes,,,,yes,,,,,,,,,,,,,,,,,,,,,
node,119100610,bus_stop,Wacholderweg,HVV,platform,,KVG,"L?neburg, Wacholderweg",5012,,,,yes,5012,,,,,,,,,,,,,,,,,,,,,,,,,,,,,,,,,,,,,
node,301874635,bus_stop,Ahornweg,HVV,platform,,KVG,"L?neburg, Ahornweg",5012,,,,yes,5012,,,,,,,,,,,,,,,,,,,,,,,,,,,,,,,,,,,,,
node,672754332,bus_stop,Adendorfer Straße,,platform,no,,"Scharnebeck, Adendorfer Stra?e",5110,5120,5901,no,no,,,,,,,,,,,,no,2021-07-09,,,,,,,,,,,,,,,,,,,,,,,,,
node,494088099,bus_stop,Boltersener Straße,,platform,no,,,5110,no,no,,,,,,,,no,,,,,2021-09-05,,,,,,,,,,,,,,,,,,,,,,,,,,,
node,4346393490,bus_stop,"Boltersen, Rullstorfer Straße",HVV,platform,no,KVG,,5110,no,,,,,,,,,,,,,,,,,,,,,,,,,,,,,,,,,,,,,,,,,
node,324239002,bus_stop,Nutzfelder Weg,HVV,platform,no,,"Rullstorf, Nutzfelder Weg",5110,no,no,,,,,,,,no,,,,,2021-09-05,,,,,,,,,,,,,,,,,,,,,,,,,,,
node,1050068557,bus_stop,Hauptstraße,HVV,platform,,,,,no,no,,,,,,,,,,,,,,,,,,,,,,,,,,,,,,,,,,,,,,,,
node,2869209506,bus_stop,Sportzentrum,HVV,platform,yes,,"Adendorf, Sportzentrum",,yes,no,,,5007,,,,,yes,,,,,,Kein Kasseler Bord,,,,,,,,,,,,,,,,,,,,,,,,,,
node,476600749,bus_stop,Grundschule,HVV,platform,,,,,,,,,,,,,,,,,,,,,,,,,,,,,,,,,,,,,,,,,,,,,,
node,304638989,bus_stop,Weinbergsweg Schule,HVV,platform,yes,KVG,"Adendorf, Weinbergsweg Schule",,yes,no,,,,,,,,yes,,,,yes,2020-11-15,,,,,,,,,,,,,,,,,,,,,,,,,,,
node,339024845,bus_stop,Meisterstraße,,platform,yes,,"Scharnebeck, Meisterstra?e",5104,5110,5901,yes,no,,,,,,,,,,,,,2021-04-26,,,,,,,,,,,,,,,,,,,,,,,,,
node,489755319,bus_stop,Jürgenstorfer Straße,HVV,platform,,,"J?rgenstorf, J?rgenstorfer Stra?e",5102,5104,5901,5917,yes,,,,,,,,,,,,,,,,,,,,,,,,,,,,,,,,,,,,,,
node,30093348,bus_stop,K 2 / Zum Bahnhof,HVV,platform,no,,"Rullstorf, K 2 / Zum Bahnhof",,no,no,,,,,,,,,,,,,,,,,,,,,,,,,,,,,,,,,,,,,,,,
node,1204223255,bus_stop,Alte Dorfstraße,HVV,platform,no,,"Rullstorf, Alte Dorfstra?e",,no,no,,,,,,,,no,,,,no,,,,,,,,,,,,,,,,,,,,,,,,,,,,
node,567004808,bus_stop,"Scharnebeck, Echemer Straße",,platform,,,,5902,5931,no,,,,,,,,,,,,,,,,,,,,,,,,,,,,,,,,,,,,,,,,
node,1086281126,bus_stop,"Lentenau, K28",HVV,platform,yes,,,,yes,no,,,,,,,,,,,,yes,,,,,,,,,,,,,,,,,,,,,,,,,,,,
node,5113420637,bus_stop,"Reinstorf, Reinstorfer Kreuz",HVV,platform,no,,,5300,5304,no,no,,,,,,,,,,,,,,,,,,,,,,,,,,,,,,,,,,,,,,,
node,416969347,bus_stop,Im Sande,HVV,platform,,KVG,"Kirchgellersen, Im Sande",5200,5201,5202,5203,ASM,no,,,,,,,,,,,,,,,,,,,,,,,,,,,,,,,,,,,,,
node,266917632,bus_stop,Kirche,HVV,platform,,KVG,"Kirche, Kirchgellersen",,yes,,,,5200,yes,,,,,,,,,,,,,,,,,,,,,,,,,,,,,,,,,,,,
node,8708546811,bus_stop,Im Wiesengrund,HVV,platform,,KVG,"Kirchgellersen, Im Wiesengrund",,yes,,,,5200,yes,,,,,,,,,,,,,,,,,,,,,,,,,,,,,,,,,,,,
node,3060045192,bus_stop,Landwehr,HVV,platform,,KVG,"L?neburg, Landwehr",4714,5002,5402,5405,ASM,no,,,,,,,,,,,,,,,,,,,,,,,,,,,,,,,,,,,,,
node,454631858,bus_stop,Hagemannsweg,HVV,platform,,KVG,"L?neburg, Hagemannsweg",,yes,no,,yes,,,,,,,,,,,,,,,,,,,,,,,,,,,,,,,,,,,,,,
node,417443430,bus_stop,Schulzentrum,HVV,platform,,,,,,,,,,,,,,,,,,,,,,,,,,,,,,,,,,,,,,,,,,,,,,
node,1705557196,bus_stop,Floetstraße,HVV,platform,,,"Melbeck, Floetstra?e",,,,,,5600,5606,,,,,,,,,,,,,,,,,,,,,,,,,,,,,,,,,,,,
node,277399793,bus_stop,Rote Schleuse,,platform,no,,"L?neburg, Rote Schleuse",5020,5606,no,no,,yes,,,,,,no,,,,,,,,,,,,,,,Kein Kasseler Bord,,,,,,,,,,,,,,,,
node,8524206695,bus_stop,"Melbeck, Uelzener Straße",hvv,platform,,,,,,,,,5605,,,,,,,,,,,,,,,,,,,,,,,,,,,,,,,,,,,,,
node,3037235993,bus_stop,Bernhard-Riemann-Straße,HVV,platform,no,KVG,"L?neburg, Bernhard-Riemann-Stra?e",,no,,,,5601,5605,5606,5600,,,,,,,,,,,,,,,,,,,,,,,,,,,,,,,,,,
node,244401296,bus_stop,Von-Stauffenberg-Straße,HVV,platform,yes,,"Adendorf, Von-Stauffenberg-Stra?e",,no,no,,,5007,,,,,no,,,,no,,,,,,,,,,,,,,,,,,,,,,,,,,,,
node,301562193,bus_stop,Rauher Weg,HVV,platform,yes,KVG,"Adendorf, Rauher Weg",,yes,yes,,,,,,,,,,,,,2021-03-20,,,Position eingemessen,,,,,,,,,,,,,,,,,,,,,,,,
node,558971480,bus_stop,"Heiligenthal, Ort",HVV,platform,,KVG,,5201,5203,yes,,,,,,,,,,,,,,,,,,,,,,,,,,,,,,,,,,,,,,,,
node,470937620,bus_stop,In de Tüünen,HVV,platform,,KVG,,,no,,,,5201,yes,,,,,,,,,,,,,,,,,,,,,,,,,,,,,,,,,,,,
node,503301564,bus_stop,Heiligenthaler Straße,HVV,platform,,KVG,,,,,,,5201,yes,,,,,,,,,,,,,,,,,,,,,,,,,,,,,,,,,,,,
node,564137024,bus_stop,"Melbeck, Danziger Straße",,platform,,,,5600,5606,yes,,,,,,,,,,,,,,,,,,,,,,,,,,,,,,,,,,,,,,,,
node,577366509,bus_stop,"Embsen, Siedlung",,platform,,,,5600,5606,yes,,,,,,,,,,,,,,,,,,,,,,,,,,,,,,,,,,,,,,,,
node,287098768,bus_stop,Kulturforum Wienebüttel,HVV,platform,,KVG,"L?neburg, Kulturforum Wieneb?ttel",5009,ASM,,,,,,limited,,,,,,,,,,,,,,,,,,,,,,,,,,,,,,,,,,,
node,577733836,bus_stop,"Brietlingen, Schierenweg",,platform,yes,,,5900,5903,5904,ASM,yes,yes,,,,,,,,yes,,,,yes,,,,,,,,,,,,,,,,,,,,,,,,,
node,382009302,bus_stop,"Brietlingen, Moorweg",,platform,yes,,,5903,5904,ASM,yes,yes,,,,,,,,,,,,,,,,,,,,,,,,,,,,,,,,,,,,,,
node,309229350,bus_stop,Ritzkamper Weg,HVV,platform,yes,,,,yes,,,,,,,,,,,,,,,,,,,,,,,,,,,,,,,,,,,,,,,,,
node,346183779,bus_stop,Schwarzer Weg,HVV,platform,no,KVG,"L?neburg, Schwarzer Weg",,no,no,,yes,,,,,,yes,,,,yes,,,,,,,,,,,,,,,,,,,,,,,,,,,,
node,302310334,bus_stop,Gut Olm,HVV,platform,,KVG,"L?neburg, Gut Olm",,,,,,,,,,,,,,,,,,,,,,,,,,,,,,,,,,,,,,,,,,,
node,7051227607,bus_stop,Abzweigung Ebensberg,HVV,platform,,KVG,"L?neburg, Abzweigung Ebensberg",,,,,yes,,,,,,,,,,,,,,,,,,,,,,,,,,,,,,,,,,,,,,
node,4338084488,bus_stop,Erbstorfer Landstraße,HVV,platform,,KVG,"Erbstorf, Erbstorfer Landstra?e",5110,5901,5925,5931,AST,no,,,yes,,,,,,,,,,,,,,,,,,,,,,,,,,,,,,,,,,
node,988590957,bus_stop,Hölderlinstraße,HVV,platform,,KVG,"L?neburg, H?lderlinstra?e",,,,,,,,,,,,,,,,,,,,,,,,,,,,,,,,,,,,,,,,,,,
node,290823819,bus_stop,"Wendewisch, Campingplatz",,platform,,,,5102,5152-AST,yes,,yes,,,,,,,,,,,,,,,,,,,,,,,,,,,,,,,,,,,,,,
node,1049251506,bus_stop,"Riecklingen, Abzweigung",,platform,,,,5302,no,,,,,,,,,,,,,,,,,,,,,,,,,,,,,,,,,,,,,,,,,
node,317985520,bus_stop,Leestahl 2,,platform,,,,5302,no,,,,,,,,,,,,,,,,,,,,,,,,,,"Am Haltestellenschild steht noch der Name ""Leestahl"".",,,,,,,,,,,,,,,
node,1854036439,bus_stop,Am Kirchkamp,,platform,,,"Dumstorf, Am Kirchkamp",5302,yes,,,,,,,,,,,,,,,,,,,,,,,,,,,,,,,,,,,,,,,,,
node,121136981,bus_stop,Schule A,HVV,platform,,,"Barendorf, Schule",5300,5304,5362,AST,yes,,,,,,,,,,,,,,,,,,,,,,,,,,,,,,,,,,,,,,
node,277260345,bus_stop,"Embsen, Bahnhofstraße",,platform,yes,,,5600,5606,no,,,,,,,,,,,,,,,,,,,,,,,,,,,,,,,,,,,,,,,,
node,663386180,bus_stop,"Embsen, Querlberg",,platform,,,,5600,ASM,no,,,,,,,,,,,,,,,,,,,,,,,,,,,,,,,,,,,,,,,,
node,413541248,bus_stop,"Horndorf, Zur Doven Elbe",,platform,yes,,,5300,5304,5361,5362,yes,yes,yes,,,,,,,,,,,,,,,,,,,,,,,,,,,,,,,,,,,,
node,8716573169,bus_stop,"Reinstorf, Hauptstraße",,platform,,,,5362,yes,,,,,,,,,,,,,,,,,,,,,,,,,,,,,,,,,,,,,,,,,
node,1509822736,bus_stop,Forsthaus,HVV,platform,,,"Embsen, Forsthaus",5600,no,,,,,,,,,,,,,,,,,,,,,,,,,,,,,,,,,,,,,,,,,
node,8717776249,bus_stop,"Barum, Abzweig Horburg",HVV,platform,no,KVG,,5405,5904,no,yes,,,,,,,,,,,,,,,,,,,,,,,,,,,,,,,,,,,,,,,
node,9028751775,bus_stop,"Barum, Am See",HVV,platform,no,KVG,,5904,no,no,,,,,,,,no,,,,,2021-09-30,,,,,,,,,,,,,,,,,,,,,,,,,,,
node,5239244504,bus_stop,"Oerzen, Fliederstraße",,platform,,,,5203,5700,5705,yes,,,,,,,,,,,,,,,,,,,,,,,,,,,,,,,,,,,,,,,
node,2075922410,bus_stop,Hohe Luft,HVV,platform,,,"Melbeck, Hohe Luft",,,,,,5600,,,,,,,,,,,,,,,,,,,,,,,,,,,,,,,,,,,,,
node,277404766,bus_stop,"Bavendorf, Im Dorfe",,platform,,,,5303,5361,5362,yes,,,,,,,,,,,,,,,,,,,,,,,,,,,,,,,,,,,,,,,
node,109400356,bus_stop,"Reinstorf, Am Vitusbach",,platform,,,,5110,5362,yes,,,,,,,,,,,,,,,,,,,,,,,,,,,,,,,,,,,,,,,,
node,317549254,bus_stop,Neumühlener Weg,HVV,platform,no,,"Neu Boltersen, Neum?hler Weg",5110,no,no,,,,,,,,,,,,,2021-05-20,,,,,,,,,,,,,,,,,,,,,,,,,,,
node,728601562,bus_stop,Mühlenkamp,HVV,platform,no,,"Neu Boltersen, M?hlenkamp",,yes,no,,,,,,,,,,,,,2021-05-20,,,,,,,,,,,,,,,,,,,,,,,,,,,
node,2117470702,bus_stop,Auf der Hausstelle,,platform,,,,5361,5362,no,no,,,,,,,,,,,,,,,,,,,,,,,,,,,,,,,,,,,,,,,
node,114244030,bus_stop,Feuerwehr,HVV,platform,yes,,,,yes,no,,,,,,,,,,,,,,,,,,,,,,,,,,,,,,,,,,,,,,,,
node,1736935361,bus_stop,Ostlandring,HVV,platform,no,KVG,"L?neburg, Ostlandring",,no,no,,yes,5010,,,,,yes,20141026,no,,,,,,,,,,,,,,,,,,,,,,,,,,,,,,
node,285670612,bus_stop,Freibad,HVV,platform,no,KVG,L?neburg Freibad,,no,no,,yes,5010,,,,,no,20141210,no,,,,,,,,,,,,,,,,,,,,,,,,,,,,,,
node,7087531166,bus_stop,Kreuzkamp,HVV,platform,no,KVG,"Adendorf, Kreuzkamp",,no,no,,,,,,,,,,,,,2021-05-08,,,,,,,,,,,,,,,,,,,,,,,,,,,
node,395382564,bus_stop,Robert-Koch-Straße,HVV,platform,no,KVG,"Adendorf, Robert-Koch-Stra?e",,no,no,,,,,,,,,,,,,,,,,,,Lage gesch?tzt,,,,,,,,,,,,,,,,,,,,,
node,178823219,bus_stop,Friedhof,HVV,platform,no,KVG,"Adendorf, Dorfstra?e Friedhof",,no,no,,,5007,,,,,,,,,,2020-12-30,,,,,,,,,,,,,,2020-12-30,,,,,,,,,,,,,
node,392592179,bus_stop,Heinrich Heine Siedlung,HVV,platform,no,KVG,"Adendorf, Heinrich Heine Siedlung",5007,5925,AST,yes,no,,,,,,,,,,,,,,,,,,,,,,,,,,,,,,,,,,,,,,
node,395382514,bus_stop,An der Bünte,HVV,platform,no,KVG,"Adendorf, An der B?nte",,no,no,,,5007,,,,,,,,,,,,,,,,,,,,,,,,,,,,,,,,,,,,,
node,3082975140,bus_stop,Heinrich-Hille-Straße,HVV,platform,yes,KVG,"Adendorf, Heinrich-Hille-Stra?e",,yes,no,,,,,,,,,,,,,2021-05-08,,,,,,,,,,,,,,,,,,,,,,,,,,,
node,1119349016,bus_stop,Weinbergsweg,HVV,platform,yes,KVG,"Adendorf, Weinbergsweg",,no,no,,,,,,,,yes,,,,yes,2021-07-07,,,,,,,,,,,,,,,,,,,,,,,,,,,
node,339316060,bus_stop,"Radenbeck, Linnenkamp",HVV,platform,yes,,,5114,5362,yes,,,,,,,,,,,,,,,,,,,,,,,,,,,,,,,,,,,,,,,,
node,9029022165,bus_stop,"Radenbeck, Dorfstraße",HVV,platform,,,,,yes,,,,5362,5104,,,,,,,,,,,,,,,,,,,,,,,,,,,,,,,,,,,,
node,8192691432,bus_stop,Siedlung,HVV,platform,,,,,,,,,,,,,,,,,,,,,,,,,,,,,,,,,,,,,,,,,,,,,,
node,376360688,bus_stop,"Brietlingen, Am Sportplatz",,platform,yes,,,5900,ASM,yes,yes,,,,,,,,yes,,,,no,,,,,,,,,,,,,,,,,,,,,,,,,,,
node,3206896896,bus_stop,Goebelstraße,HVV,platform,,KVG,"L?neburg, Goebelstra?e",5005,ASM,no,,,yes,,,,,,,,,,,,,,,,,,,,,,,,,,,,,,,,,,,,,
node,2681822369,bus_stop,"Echem, Schulstraße",,platform,yes,,,5102,5901,5902,5917,yes,,,,,,,,,,,,,,,,,,,,,,,,,,,,,,,,,,,,,,
node,301562204,bus_stop,Grüner Weg,HVV,platform,no,KVG,"Adendorf, Gr?ner Weg",,no,no,,yes,,,,,,yes,,,,no,,,,Position eingemessen,,,,,,,,,,,,,,,,,,,,,,,,
node,301562172,bus_stop,Lindenweg,HVV,platform,,KVG,"Adendorf, Lindenweg",,,,,,,,,,,,,,,,,,,,,,,,,,,,,,,,,,,,,,,,,,,
node,2362894581,bus_stop,Otto-Brenner-Straße (Kehre),HVV,platform,no,KVG,"L?neburg, Otto-Brenner-Stra?e (Kehre)",5010,no,no,,,5010,,,,,no,20141026,no,,,,,,,,,,,,,,,,,,,,,,,,,,,,,,
node,382011053,bus_stop,"Brietlingen, Stettiner Ring",,platform,yes,,,5903,5904,yes,no,,,,,,,,,,,,yes,,,,,,,,,,,,,,,,,,,,,,,,,,,
node,7207493398,bus_stop,Sternkamp,HVV,platform,no,KVG,"L?neburg, Sternkamp",5002,5402,5405,ASM,no,no,,,,,,,,,,,,,,,,,,,,,,,,,,,,,,,,,,,,,
node,288004885,bus_stop,Kirchweg,HVV,platform,no,KVG,"Adendorf, Kirchweg",,no,no,,,,,,,,yes,,,,no,2021-02-27,,,Position eingemessen,,,,,,,,,,,,,,,,,,,,,,,,
node,301881047,bus_stop,Bunsenstraße,HVV,platform,yes,KVG,"L?neburg, Bunsenstra?e",,yes,no,,yes,5012,,,,,,,,,,,,,,,,,,,,,,,,,,,,,,,,,,,,,
node,275637762,bus_stop,Bachstraße,HVV,platform,no,KVG,"L?neburg, Bachstra?e",,no,no,,yes,5012,,,,,,,,,,,,,,,,,,,,,,,,,,,,,,,,,,,,,
node,369971304,bus_stop,Rosenkamp,HVV,platform,,KVG,"L?neburg, Rosenkamp",,yes,yes,,yes,"5007,5920",,,,,,,,,,,,,,,,,,,,,,,,,,,,,,,,,,,,,
node,1602198371,bus_stop,Schmiedestraße,HVV,platform,,KVG,"L?neburg, Schmiedestra?e",,no,,,yes,"5007,5920",,,,,,,,,,,,,,,,,,,,,,,,,,,,,,,,,,,,,
node,369971275,bus_stop,Rehrweg,HVV,platform,no,KVG,"L?neburg, Rehrweg",,yes,yes,,yes,"5007,5920",,,,,no,,,,,,"Kein Kasseler Bord, aber Hochbord",,,,,,,,,,,,,2021-01-09,,,,,,,,,,,,,
node,452899291,bus_stop,"Wittorf, Wiesenstraße",HVV,platform,yes,KVG,,5402,5405,yes,,,,,,,,,,,,,,,,,,,,,,,,,,,,,,,,,,,,,,,,
node,382390323,bus_stop,Volgershall/UNI,HVV,platform,no,KVG,"L?neburg, Volgershall/UNI",,no,yes,,,,yes,,,,,,,,,,,,,,,,,,,,,,,,,,,,,,,,,,,,
node,113588289,bus_stop,Städtisches Klinikum,HVV,platform,yes,KVG,"L?neburg, St?dtisches Klinikum",,yes,no,,yes,"5920, 5003",yes,,,,,,,,,,,,,,,,,,,,,,yes,,,,,,,,,,,,,,
node,489755257,bus_stop,"Lüdersburg, Kirchtwiete",,platform,no,,,5104,5901,ASM,no,no,,,,,,,,,,,,yes,,,,,,,,,,,,,,,,,,,,,,,,,,
node,260371872,bus_stop,Abzweigung Jürgenstorf,HVV,platform,,,"L?dersburg, Abzweigung J?rgenstorf",5901,no,,,,,,,,,,,,,,,,,,,,,,,,,,,,,,,,,,,,,,,,,
node,1524824915,bus_stop,Melbeck Grundschule,HVV,platform,,,,,yes,,,,5600,,,,,,,,,,,,,,,,,,,,,,,,,,,,,,,,,,,,,
node,294218205,bus_stop,Gifkendorf,,platform,yes,,,5361,5362,yes,,,,,,,,,,,,,,,,,,,,,,,,,,,,,,,,,,,,,,,,
node,297767103,bus_stop,B 209,HVV,platform,no,,"Artlenburg, B 209",,no,,,,,no,,,,,,,,,,,,,,,,,,,,,,,,,,,,,,,,,,,,
node,319171756,bus_stop,Gerhart-Hauptmann-Straße,HVV,platform,,KVG,"Reppenstedt, Gerhart Hauptmann Stra?e",5013,5202,ASM,yes,,,,,,,,,,,,,,,,,,,,,,,,,,,,,,,,,,,,,,,
node,355263024,bus_stop,Händelstraße,HVV,platform,,KVG,"Reppenstedt, H?ndelstra?e",5013,yes,,,yes,,,,,,,,,,,,,,,,,,,,,,,,,,,,,,,,,,,,,,
node,355265900,bus_stop,Alter Postweg,,platform,,,"Reppenstedt, Alter Postweg",5013,ASM,no,,,yes,,,,,,,,,,,,,,,,,,,,,,,,,,,,,,,,,,,,,
node,357421278,bus_stop,Lessingstra?e,HVV,platform,,KVG,"Reppenstedt, Lessingstra?e",5013,5202,ASM,yes,,,yes,,,,,,,,,,,,,,,,,,,,,,,,,,,,,,,,,,,,
node,359603064,bus_stop,Am Fuchsberg,HVV,platform,,KVG,"Reppenstedt, Am Fuchsberg",5013,ASM,no,,,yes,,,,,,,,,,,,,,,,,,,,,,,,,,,,,,,,,,,,,
node,336245617,bus_stop,Im Westerfelde,HVV,platform,,KVG,"Reppenstedt, Im Westerfelde",5013,ASM,no,,,yes,,,,,,,,,,,,,,,,,,,,,,,,,,,,,,,,,,,,,
node,301866124,bus_stop,Behördenzentrum (Ost),HVV,platform,,KVG,"L?neburg, Beh?rdenzentrum (Ost)",,yes,no,,,5012,,,,,,,,,,,,,,,,,,,,,,,,,,,,,,,,,,,,,
node,484379283,bus_stop,Psychiatrische Klinik,HVV,platform,,KVG,"L?neburg, Psychiatrische Klinik",5009,ASM,yes,no,,,,limited,,,,,,,,,,,,,,,,,,,,,,,,,,,,,,,,,,,
node,386775036,bus_stop,Am Bruch,HVV,platform,,KVG,"Bardowick, Am Bruch",5403,yes,no,,,,,,,,,,,,,,,,,,,,,,,,,,,,,,,,,,,,,,,,
node,1603400020,bus_stop,Bei der Pferdehütte,HVV,platform,yes,KVG,"L?neburg, Bei der Pferdeh?tte",5005,ASM,yes,no,,,,,,,,yes,,,,yes,,,,,,,,,,,,,,,,,,,,,,,,,,,
node,318656446,bus_stop,Alec-Moore-Straße,HVV,platform,no,KVG,"L?neburg, Alec-Moore-Stra?e",,no,no,,,,,,,,,,,,,,,,,,,,,,,,,,,,,,,,,,,,,,,,
node,89367284,bus_stop,Am Bargenturm,HVV,platform,no,KVG,"L?neburg, Am Bargenturm",,no,no,,yes,,limited,,,,,,,,,,,,,,,,,,,,,,,,,,,,,,,,,,,,
node,318404239,bus_stop,Heidkoppelweg,HVV,platform,,KVG,"L?neburg, Heidkoppelweg",,,,,,,,,,,,,,,,,,,,,,,,,,,,,,,,,,,,,,,,,,,
node,318404242,bus_stop,Memeler Straße,HVV,platform,,KVG,"L?neburg, Memeler Stra?e",,,,,,,,,,,,,,,,,,,,,,,,,,,,,,,,,,,,,,,,,,,
node,318656460,bus_stop,William-Watt-Straße,HVV,platform,yes,KVG,"L?neburg, William-Watt-Stra?e",,yes,no,,,,,,,,,,,,,,,,,,,,,,,,,,,,,,,,,,,,,,,,
node,281778288,bus_stop,Allensteiner Straße,HVV,platform,,KVG,"L?neburg, Allensteiner Stra?e",,,,,yes,,,,,,,,,,,,,,,,,,,,,,,,,,,,,,,,,,,,,,
node,275642168,bus_stop,"Erbstorf, Wendeplatz",HVV,platform,yes,KVG,"Erbstorf, Wendeplatz",5007,5918,5920,5925,yes,no,yes,yes,,,,,,yes,,,,no,,,,,,,,,,,,,,,,,,,,,,,,,
node,178849093,bus_stop,Jüttkenmoor,HVV,platform,no,KVG,"L?neburg, J?ttkenmoor",5015,ASM,no,no,,,,,,,,,,,,yes,,,,,,,,,,,,,,,,,,,,,,,,,,,
node,419272371,bus_stop,Am Ziegeleiteich,HVV,platform,,KVG,"L?neburg, Am Ziegeleiteich",5015,5901,5918,yes,,,,,,,,,,,,,,,,,,,,,,,,,,,,,,,,,,,,,,,
node,357349548,bus_stop,Ostlandstraße (Schule),HVV,platform,,KVG,"Reppenstedt, Ostlandstra?e Schule",,,,,,,,,,,,,,,,,,,,,,,,,,,,,,,,,,,,,,,,,,,
node,262620087,bus_stop,Schnellenberger Weg,HVV,platform,,KVG,"Reppenstedt, L?neburger Landstra?e",,yes,,,,,,,,,,,,,,,,,,,,,,,,,,,,,,,,,,,,,,,,,
node,357417529,bus_stop,Ostlandstraße Spielplatz,HVV,platform,,KVG,"Reppenstedt, Ostlandstra?e Spielplatz",5013,5202,ASM,yes,,,yes,,,,,,,,,,,,,,,,,,,,,,,,,,,,,,,,,,,,
node,336407095,bus_stop,Am Lerchenberg,HVV,platform,,KVG,"Reppenstedt, Am Lerchenberg",,yes,yes,,,,yes,,,,,,,,,,,,,,,,,,,,,,,,,,,,,,,,,,,,
node,5363848753,bus_stop,Am Schwarzen Berg,HVV,platform,,KVG,"Reppenstedt, Am Schwarzen Berg",,,,,,,,,,,,,,,,,,,,,,,,,,,,,,,,,,,,,,,,,,,
node,430344880,bus_stop,Steinweg,HVV,platform,,KVG,"Adendorf, Steinweg",,,,,,,,,,,,,,,,,,,,,,,,,,,,,,,,,,,,,,,,,,,
node,3082975156,bus_stop,Im Gutspark,HVV,platform,no,KVG,"Adendorf, Im Gutspark",5007,5920,no,no,,,,,,,,no,,,,yes,2021-07-22,,,,,,,,,,,,,,,,,,,,,,,,,,
node,430344915,bus_stop,Virchowstraße,HVV,platform,yes,KVG,"Adendorf, Virchowstra?e",5925,no,yes,,,,,,,,,,,,,,,,,,,,,,,,,,,,,,,,,,,,,,,,
node,409100826,bus_stop,Teichaue,HVV,platform,yes,KVG,"Adendorf, Teichaue",,yes,no,,,5007,,,,,,,,,,,,,,,,,,,,,,,,,,,,,,,,,,,,,
node,312184964,bus_stop,Moorchaussee,HVV,platform,no,KVG,"Adendorf, Moorchaussee",,no,no,,,5007,,,,,,,,,,2021-05-05,,,,,,,,,,,,,,,,,,,,,,,,,,,
node,3119436266,bus_stop,Kastanienallee,HVV,platform,no,KVG,"Adendorf, Kastanienallee",,no,no,,,,,,,,,,,,,2021-04-26,,,,,,,,,,,,,,,,,,,,,,,,,,,
node,3119436360,bus_stop,Katzenweg,HVV,platform,no,KVG,"Adendorf, Katzenweg",,no,no,,,,,,,,,,,,,,,,,,,,,,,,,,,,,,,,,,,,,,,,
node,7607589705,bus_stop,Friedrich-Ludwig-Jahn-Straße,HVV,platform,yes,KVG,"L?neburg, Friedrich-Ludwig-Jahn-Stra?e",,yes,no,,yes,5012,,,,,yes,,,,,,Kein Kasseler Bord,,,,,,,,,,,,,,,,,,,,,,,,,,
node,111246659,bus_stop,Rotes Tor,HVV,platform,no,KVG,"L?neburg, Rotes Tor",,no,no,,yes,5012,,,,,yes,,,,yes,,Kein Kasseler Bord,,,,,,,,,,,,,,,,,,,,,,,,,,
node,195848633,bus_stop,Goethestraße,HVV,platform,yes,KVG,"L?neburg, Goethestra?e",,yes,no,,yes,5012,,,,,yes,,,,,,Kein Kasseler Bord,,,,,,,,,,,,,,,,,,,,,,,,,,
node,208986248,bus_stop,Hagen Wendeplatz,HVV,platform,,KVG,"L?neburg, Hagen (Wendeplatz)",,,,,yes,5012,,,,,,,,,,,,,,,,,,,,,,,,,,,,,,,,,,,,,
node,317279940,bus_stop,Hopfengarten,HVV,platform,no,KVG,"L?neburg, Hopfengarten",,no,no,,,5012,,,,,no,,,,yes,,,,,,,,,,,,,,,,,,,,,,,,,,,,
node,268638460,bus_stop,Wielandstraße,HVV,platform,yes,KVG,"L?neburg, Wielandstra?e",,no,no,,yes,5012,,,,,yes,,,,,,Kein Kasseler Bord,,,,,,,,,,,,,,,,,,,,,,,,,,
node,120036482,bus_stop,Hans-Steffens-Weg,HVV,platform,,KVG,"L?neburg, Hans-Steffens-Weg",,no,,,,5012,,,,,,,,,,,,,,,,,,,,,,,,,,,,,,,,,,,,,
node,322053497,bus_stop,Gaußstraße,HVV,platform,,KVG,"L?neburg, Gau?stra?e",,,,,,5012,,,,,,,,,,,,,,,,,,,,,,,,,,,,,,,,,,,,,
node,273712613,bus_stop,Heinrich-Böll-Straße,HVV,platform,,KVG,"L?neburg, Heinrich-B?ll-Stra?e",,yes,no,,,5012,,,,,yes,,,,,,Kein Kasseler Bord,,,,,,,,,,,,,,,,,,,,,,,,,,
node,275907714,bus_stop,Carl-von-Ossietzky-Straße,HVV,platform,yes,KVG,"L?neburg, Carl-von-Ossietzky-Stra?e",,yes,no,,,5012,,,,,yes,,,,,,Kein Kasseler Bord,,,,,,,,,,,,,,,,,,,,,,,,,,
node,3087504050,bus_stop,Otto-Brenner-Straße,HVV,platform,no,KVG,"L?neburg, Otto-Brenner-Stra?e",,no,no,,yes,5010,,,,,no,20141026,no,,,,,,,,,,,,,,,,,,,,,,,,,,,,,,
node,119994939,bus_stop,Flugplatz,HVV,platform,no,KVG,"L?neburg, Flugplatz",,no,no,,,5010,,,,,yes,20141026,no,,,,,,,,,,,,,,,,,,,,,,,,,,,,,,
node,373161853,bus_stop,Walter-Bötcher-Straße,HVV,platform,no,KVG,"L?neburg, Walter-B?tcher-Stra?e",,no,no,,yes,5010,limited,,,,no,20141026,no,,,,,,,,,,,,,,,,,,,,,,,,,,,,,,
node,302304521,bus_stop,Stadtkoppel,HVV,platform,no,KVG,"L?neburg, Auf den Bl?cken",,no,no,,yes,5010,,,,,no,20141026,no,,,,,,,,,,,,,,,,,,,,,,,,,,,,,,
node,7043202191,bus_stop,Kurt-Höbold-Straße,HVV,platform,no,KVG,"L?neburg, Kurt-H?bold-Stra?e",,no,no,,,5010,,,,,no,20141026,no,,,,,,,,,,,,,,,,,,,,,,,,,,,,,,
node,2843007891,bus_stop,Richard-Brauer-Straße,HVV,platform,no,KVG,"L?neburg, Richard-Brauer-Stra?e",,no,no,,yes,5010,,,,,no,20141026,no,,,,,,,,,,,,,,,,,,,,,,,,,,,,,,
node,3699972417,bus_stop,Elso-Klöver-Straße,HVV,platform,no,KVG,"L?neburg, Elso-Kl?ver-Stra?e",,no,no,,,5010,,,,,yes,20141026,no,,,,,,,,,,,,,,,,,,,,,,,,,,,,,,
node,301866208,bus_stop,Gellersstraße,HVV,platform,no,KVG,"L?neburg, Gellersstra?e",,no,no,,yes,5010,5100,5120,5300,5304,,,,,yes,20141026,no,,,,,,,,,,,,,,,,,,,,,,,,,,
node,7043202216,bus_stop,Wilhelm-Fressel-Straße,HVV,platform,no,KVG,"L?neburg, Wilhelm-Fressel-Stra?e",,no,no,,,5010,,,,,no,20141026,no,,,,,,,,,,,,,,,,,,,,,,,,,,,,,,
node,5849955401,bus_stop,Große Hof,HVV,platform,,,"Barnstedt, Gro?e Hof",5600,5604,5606,yes,,,yes,,,,,,,,,,,,,,,,,,,,,,,,,,,,,,,,,,,,
node,8526782425,bus_stop,Abzw. Betzendorf,HVV,platform,,,"Abzw. Betzendorf, Barnstedt",5600,5604,5606,yes,,,yes,,yes,,,,,,,,,,,,,,,,,,,,,,,,,,,,,,,,,,
node,196043670,bus_stop,Schildsteinweg,HVV,platform,no,KVG,"L?neburg, Schildsteinweg",,no,no,,yes,5003,,,,,yes,,,,,,Kein Kasseler Bord,,Richtung SZ Oedeme / Teufelsk?che,,,,,,,,,,,,,,,,,,,,,,,,
node,976986466,bus_stop,Bauerholzweg,HVV,platform,,,"Barnstedt, Bauerholzweg",5600,5604,5606,yes,,,yes,,,,,,,,,,,,,,,,,,,,,,,,,,,,,,,,,,,,
node,276968755,bus_stop,Kampweg,HVV,platform,yes,KVG,"Kolkhagen, Kampweg",5604,5606,yes,,,,,,,,,,,,,,,,,,,,,,,,,,,,,,,,,,,,,,,,
node,511089699,bus_stop,Wiesenweg,HVV,platform,,KVG,"Kolkhagen, Wiesenweg",5604,5606,no,,,,,,,,,,,,,,,,,,,,,,,,,,,,,,,,,,,,,,,,
node,976986438,bus_stop,Mühlenberg,HVV,platform,yes,KVG,"Barnstedt, M?hlenberg",5604,5606,yes,,,yes,,,,,,,,,,,,,,,,,,,,,,,,,,,,,,,,,,,,,
node,277261028,bus_stop,Bokenkamp,HVV,platform,yes,,"Barnstedt, Bokenkamp",5600,5606,yes,,,yes,,,,,,,,,,,,,,,,,,,,,,,,,,,,,,,,,,,,,
node,302887839,bus_stop,Finanzamt,HVV,platform,no,KVG,"L?neburg, Finanzamt",,no,no,,yes,,,,,,,,,,,,,,,,,,,,,,,,,,,,,,,,,,,,,,
node,313957909,bus_stop,Auf dem Schmaarkamp,HVV,platform,no,KVG,"L?neburg, Auf dem Schmaarkamp",,no,no,,yes,,,,,,,,,,,,,,,,,,,,,,,,,,,,,,,,,,,,,,
node,1588318071,bus_stop,Auf der Hude,HVV,platform,no,KVG,"L?neburg, Auf der Hude",5002,ASM,no,no,,yes,,,,,,yes,,,,,,,,,,,,,,,,,,,,,,,,,,,,,,,
node,2041723022,bus_stop,Tennispark,HVV,platform,yes,KVG,"L?neburg, Tennispark",,yes,no,,yes,,limited,,,,no,,,,no,,,,,,,,,,,,,,,,,,,,,,,,,,,,
node,1305577576,bus_stop,Kiefernweg,HVV,platform,no,KVG,"V?gelsen, Kiefernweg",5009,5404,ASM,no,no,,yes,,limited,,,,,,,,,,,,,,,,,Q896916,de:Hamburger Verkehrsverbund,,,,,,,,,,,,,,,,
node,287098772,bus_stop,Brockwinkler Weg,HVV,platform,no,KVG,"L?neburg, Brockwinkler Weg",5009,ASM,no,no,,yes,,limited,,,,,,,,,,,,,,,Stimmt die Lage?,,,,,,,,,,,,,,,,,,,,
node,286287619,bus_stop,Dachtmisser Weg,HVV,platform,,KVG,"V?gelsen, Dachtmisser Weg",5009,5009,5404,ASM,yes,no,,yes,,limited,,,,,,,,,,,,,,,,,Q896916,de:Hamburger Verkehrsverbund,,,,,,0,,,,,,,,,
node,703728543,bus_stop,Niendorfer Weg,HVV,platform,yes,,,5620,no,,,,,,,,,,,,,,,,,,,,,,,,,,,,,,,,,,,,,,,,,
node,7284444420,bus_stop,Große Straße,HVV,platform,no,,"Artlenburg, Gro?e Stra?e",5900,5903,no,no,,,,limited,,,,yes,,,,,2021-08-28,,,,,,,,,,,,,,,,,,,,,,,,,,
node,311219666,bus_stop,"Göddingen, Wöppenberg",,platform,yes,,,5103,yes,no,,,,,,,,,,,,,2021-04-18,,,,,,,,,,,,"Am Haltestellenschild steht noch ""Ortsmitte"".",,,,,,,,,,,,,,,
node,311219673,bus_stop,"Göddingen, Am Fischteich",,platform,no,,,5103,no,no,,,,,,,,,,,,,2021-04-18,,,,,,,,,,,,,,,,,,,,,,,,,,,
node,7023976079,bus_stop,Neu Oerzen,,platform,,,,5700,yes,no,,,,,,,,,,,,,,,,,,,,,,,Kein Kasseler Bord,,,,,,,,,,,,,,,,,
node,8708023922,bus_stop,"Wendhausen, Im Ort",,platform,yes,,,5110,5362,ASM,yes,yes,,,,,,,,,,,,yes,,,,,,,,,,,,,,,,,,,,,,,,,,
node,8390221907,bus_stop,"Melbeck, Gymnasium",HVV,platform,,,,,,,,,5600,,,,,,,,,,,,,,,,,,,,,,,,,,,,,,,,,,,,,
node,1624952652,bus_stop,Ebstorfer Straße,HVV,platform,,,"Melbeck, Ebstorfer Stra?e",,,,,,5600,,,,,,,,,,,,,,,,,,,,,,,,,,,,,,,,,,,,,
node,185936322,bus_stop,"Barendorf, Dorfstraße",HVV,platform,,,,5361,6362,AST,no,,,yes,,,,,,,,,,,,,,,,,,,,,,,,,,,,,,,,,,,,
node,1602107135,bus_stop,Neu Häcklingen,HVV,platform,no,KVG,"L?neburg, Neu H?cklingen",,no,no,,yes,5600,,,,,no,,,,,,,,,,,,,,,Kein Kasseler Bord,,,,,,,,,,,,,,,,,
node,5234486266,bus_stop,Am Rischpool,HVV,platform,,,"Melbeck, Am Rischpool",,,,,,5600,,,,,,,,,,,,,,,,,,,,,,,,,,,,,,,,,,,,,
node,942482191,bus_stop,Robert-Schumann-Straße,HVV,platform,no,KVG,"Adendorf, Robert-Schumann-Stra?e",,yes,yes,,,5006,yes,,,,yes,,,,yes,,,,,,,,,,,,,,,,,,,,,,,,,,,,
node,387439300,bus_stop,Königsberger Weg,HVV,platform,yes,KVG,"Adendorf, K?nigsberger Weg",,yes,yes,,,5006,yes,,,,yes,,,,yes,2020-11-25,,,,,,,,,,,,,,,,,,,,,,,,,,,
node,445774035,bus_stop,Kornblumenweg,HVV,platform,no,KVG,"Adendorf, Kornblumenweg",,no,no,,,,,,,,yes,,,,no,,,,,,,,,,,,,,,,,,,,,,,,,,,,
node,302900001,bus_stop,Röthenweg,HVV,platform,no,KVG,"Adendorf, R?thenweg",,no,yes,,,,yes,,,,no,,,,no,,,,,,,,,,,,,,,,,,,,,,,,,,,,
node,313954414,bus_stop,Zeltberg,HVV,platform,no,KVG,"L?neburg, Zeltberg",,no,no,,yes,,,,,,,,,,,,,,,,,,,,,,,,,,,,,,,,,,,,,,
node,7510268775,bus_stop,Dorfplatz,HVV,platform,yes,KVG,"V?gelsen, Dorfplatz",5002,5009,5404,ASM,no,no,,yes,,limited,,,,,,,,,,,,,,,,,Q896916,de:Hamburger Verkehrsverbund,,,,,,0,,,,,,,,,
node,287436861,bus_stop,Am Stadtberg,HVV,platform,yes,KVG,"V?gelsen, Am Stadtberg",5009,5404,ASM,yes,no,,yes,,limited,,,,,,,,,,,,,,,,,Q896916,de:Hamburger Verkehrsverbund,,,,,,,,,,,,,,,,
node,4065795354,bus_stop,Pumpenstation,HVV,platform,,KVG,"L?neburg, Pumpenstation",,,,,yes,,limited,,,,,,,,,,,,,,,"Position nur gesch?tzt, bitte Korrigieren",,,,,,,,,,,,,,,,,,,,,
node,286287601,bus_stop,Friedhofsweg,HVV,platform,no,KVG,"V?gelsen, Friedhofsweg",5404,no,no,,yes,,limited,,,,,,,,,,,,,,,,,Q896916,de:Hamburger Verkehrsverbund,,,,,,,,,,,,,,,,,,
node,319992028,bus_stop,Heimathaus,HVV,platform,no,,"Bleckede, Heimathaus",5102,5104,5111,no,no,,yes,,,,,,,,,,,,,,,,,,,,,,,,,,,,,,,,,,,,
node,355298835,bus_stop,Marschweg,HVV,platform,,,"Bleckede, Marschweg",,,,,,,,,,,,,,,,,,,,,,,,,,,,,,,,,,,,,,,,,,,
node,275652358,bus_stop,"Bleckede, Auf dem Kamp",,platform,no,,,5101,5103,5104,no,no,,yes,,,,,,,,,,,,,,,,,,,,,,,,,,,,,,,,,,,,
node,319969924,bus_stop,Saatbau,HVV,platform,,,,,,,,,,,,,,,,,,,,,,,,,,,,,,,,,,,,,,,,,,,,,,
node,1801632891,bus_stop,Fähranleger,,platform,,,,5101,5104,5111,yes,,,yes,,,,,,,,,,,,,,,,,,,,,,,,,,,,,,,,,,,,
node,1838158752,bus_stop,Buendorf,,platform,,,"Dahlenburg, Buendorf",5301,5302,5303,5304,no,,,,,,,,,,,,,,,,,,,,,,,,,,,,,,,,,,,,,,
node,1432208149,bus_stop,Quickborn,,platform,,,"Dahlenburg, Quickborn",5103,5300,5362,no,,,,,,,,,,,,,,,,,,,,,,,,,,,,,,,,,,,,,,,
node,6445357812,bus_stop,"Nindorf bei Bleckede, L222",,platform,,,,5101,5103,5301,yes,,,,,,,,,,,,,,,,,,,,,,,,,,,,,,,,,,,,,,,
node,320064688,bus_stop,"Bleckede, Dahlenburger Straße",,platform,no,,,5101,5103,no,no,,yes,,,,,,,,,,,,,,,,,,,,,,,,,,,,,,,,,,,,,
node,319974894,bus_stop,"Bleckede, Waldfrieden",,platform,,,,5103,no,,,,,,,,,,,,,,,,,,,,,,,,,,,,,,,,,,,,,,,,,
node,747323812,bus_stop,"Neu Wendischthun, Abzweig",,platform,,,,512,no,,,,,,,,,,,,,,,,,,,,,,,,,,,,,,,,,,,,,,,,,
node,747323812,bus_stop,Neu Wendischthun,,platform,,,,512,no,,,,,,,,,,,,,,,,,,,,,,,,,,,,,,,,,,,,,,,,,
node,566592806,bus_stop,Vor der Westermarsch,HVV,platform,,KVG,"Bardowick, Vor der Westermarsch",5002,5402,yes,,,,,,,,,,,,,,,,,,,,,,,,,,,,,,,,,,,,,,,,
node,2307579589,bus_stop,"Artlenburg, Elbdeich",,platform,,,,5903,no,,,,,,,,,,,,,,,,,,,,,,,,,,,,,,,,,,,,,,,,,
node,3019763968,bus_stop,Scharnebecker Straße,HVV,platform,no,,,5904,yes,no,,,,,,,,,,,,,,,,,,,,,,,,,,,,,,,,,,,,,,,,
node,3749693091,bus_stop,"Rullstorf, Am Neetzekanal",HVV,stop_position,no,,,5104,5901,no,yes,,,,,,,,,,,,,2021-05-17,,,,,,,,,,,,,,,,,,,,,,,,,,
node,278806832,bus_stop,"Vastorf, Abzweigung Bahnhof",,platform,no,,,5361,no,no,,,,,,,,,,,,,,,,,,,,,,,,,,,,,,,,,,,,,,,,
node,1839897577,bus_stop,Denkmal,HVV,platform,yes,,"Brietlingen, Denkmal",5900,5903,5904,yes,no,,,,,,,,,,,,,,,,,,,,,,,,,,,,,,,,,,,,,,
node,7623285536,bus_stop,"Brietlingen, Ort",,platform,yes,,,5900,5903,5904,yes,no,,,,,,,,,,,,,2021-09-04,,,,,,,,,,,,,,,,,,,,,,,,,
node,2481243764,bus_stop,"Walmsburg, Bruchdorfer Straße",,platform,,,,5101,5131,yes,,,,,,,,,,,,,,,,,,,,,,,,,,,,,,,,,,,,,,,,
node,7611446379,bus_stop,"Garze, Große Straße 29",,platform,yes,,,5104,5111,5152-ASM,yes,no,,,,,,,,,,,,,,,,,,,,,,,,,,,,,,,,,,,,,,
node,846062334,bus_stop,"Nutzfelde, Am Walde",,platform,yes,,,5120,5925,yes,no,,,,,,,,,,,,,,,,,,,,,,,,,,,,,,,,,,,,,,,
node,2332372281,bus_stop,Vrestorfer Weg,HVV,platform,yes,KVG,"L?neburg, Vrestorfer Weg",,no,no,,yes,,,,,,,,,,,,,,,,,,,,,,,,,,,,,,,,,,,,,,
node,393141179,bus_stop,Thiessendörper Weg,HVV,platform,no,KVG,"Bardowick, Thiessend?rper Weg",,no,no,,,5404,yes,,,,yes,,,,yes,,,,,,,,,,,,,,,,,,,,,,,,,,,,
node,8479006739,bus_stop,Am Diemel,HVV,platform,,,"Melbeck, Am Diemel",,,,,,,,,,,,,,,,,,,,,,,,,,,,,,,,,,,,,,,,,,,
node,578361745,bus_stop,Ätzberg,HVV,platform,,,"Melbeck, ?tzberg",,,,,,,,,,,,,,,,,,,,,,,,,,,,,,,,,,,,,,,,,,,
node,2269708054,bus_stop,"Hittbergen, Roggenberg",,platform,yes,,,5102,5917,yes,,,,,,,,,,,,,,,,,,,,,,,,,,,,,,,,,,,,,,,,
node,301567834,bus_stop,Södergellerser Weg,Hamburger Verkehrsverbund,platform,,KVG,"Westergellersen, S?dergellerser Weg",5200,5201,5202,5203,yes,,,yes,,,,,,,,,,,,,,,,,,,Q896916,de:Hamburger Verkehrsverbund,,,,,,,HVV,,,,,,,,
node,571528159,bus_stop,Hauptstraße (L 216),Hamburger Verkehrsverbund,platform,,KVG,"Westergellersen, Hauptstra?e L 216",5200,5201,5202,5203,yes,,,yes,,,,,,,,,,,,,,,,,,,Q896916,de:Hamburger Verkehrsverbund,,,,,,,HVV,,,,,,,,
node,277251847,bus_stop,Teufelsküche,HVV,platform,yes,KVG,"L?neburg, Teufelsk?che",,yes,no,,yes,5003,,,,,no,,,,,2020-12-28,Kein Kasseler Bord,,,,,,,,,,,,,,,,,,,,,,,,,,
node,266917061,bus_stop,Im Dorfe,HVV,platform,,KVG,"Kirchgellersen, Im Dorfe",5200,5201,5202,yes,,,,,,,,,,,,,,,,,,,,,,,,,,,,,,,,,,,,,,,
node,3133820777,bus_stop,Neu Süttorf,HVV,platform,,KVG,"Neu S?ttorf Ortsmitte, Neetze",,,,,,,,,,,,,,,,,,,,,,,,,,,,,,,,,,,,,,,,,,,
node,322526004,bus_stop,Am Dorfplatz,HVV,platform,yes,KVG,"Neetze, Am Dorfplatz",5100,5110,5111,5114,yes,no,,,,,,,,yes,,,,,,,,,,,,,,,,,,,,,,"Haltestelle ist am Schild mit ""Ortsmitte"" benannt ..",,,,,,,
node,767341122,bus_stop,"Sülbeck, An den Eichen (L 221)",,platform,,,,5100,5110,5362,yes,,yes,,,,,,,,,,,,,,,,,,,,,,,,,,,,,,,,,,,,,
node,566580956,bus_stop,Bühringsmoor,HVV,platform,,KVG,"Bardowick, B?hringsmoor",5002,5403,ASM,yes,,,,,,,,,,,,,,,,,,,,,,,,,,,,,,,,,,,,,,,
node,8723627995,bus_stop,Radbrucher Weg,HVV,platform,yes,KVG,"Bardowick, Radbrucher Weg",5002,5403,ASM,no,,,,,,,,,,,,,,,,,,,,,,,,,,,,,,,,,,,,,,,
node,566580954,bus_stop,Wendeplatz,HVV,platform,,KVG,"Bardowick, Wendeplatz",5002,,,,,,,,,,,,,,,,,,,,,Bitte diese platform/stop_position nochmal pr?fen!,,,,,,,,,,,,,,,,,,,,,
node,448194685,bus_stop,Witwenkamp,HVV,platform,,KVG,"Bardowick, Witwenkamp",5002,5403,ASM,no,,,,,yes,,,,,,,,,,,,,,,,,,,,,,,,,,,,,,,,,,
node,319008950,bus_stop,Ernst-Braune-Straße,HVV,platform,yes,KVG,"L?neburg, Ernst-Braune-Stra?e",,yes,no,,yes,5003,,,,,yes,,,,,2020-12-28,Kein Kasseler Bord,,,,,,,,,,,,,,,,,,,,,,,,,,
node,1277149593,bus_stop,"Hittbergen, Kirche",,platform,,,,5102,5900,5901,5917,5152-RufMobil,ASM,yes,,,,,,,,,,,,,,,,,,,,,,,,,,,,,,,,,,,,
node,5249245058,bus_stop,Leuphana,HVV,platform,no,KVG,"L?neburg, Leuphana",,no,no,,yes,5001,5600,limited,,,,,,,,,,,,,,,,,,,,,,,,,,,5001,,,,,,,,
node,8526739908,bus_stop,Ort,HVV,platform,,KVG,"Neu Wendhausen, Ort",,,,,,,,,,,,,,,,,,,,,,,,,,,,,,,,,,,,,,,,,,,
node,4363688126,bus_stop,"Neu Neetze, Am Milchberg",,platform,,,,5111,5152-Rufmobil,5823-ASM,no,,,,,,,,,,,,,,,,,,,,,,,,,,,,,,,,,,,,,,,
node,1286093175,bus_stop,"Neu Neetze, Birkenhof",,platform,,,,5111,5152-Rufmobil,yes,,,,,,,,,,,,,,,,,,,,,,,,,,,,,,,,,,,,,,,,
node,3751608111,bus_stop,"Bleckeder Moor, Abzweigung",,platform,,,,5111,5152-Rufmobil,5823-ASM,yes,,,,,,,,,,,,,,,,,,,,,,,,,,,,,,,,,,,,,,,
node,1897714546,bus_stop,"Karze, Auf dem Weel",,platform,,,,5104,5111,5152-ASM,no,,,,,,,,,,,,,,,,,,,,,,,,,,,,,,,,,,,,,,,
node,2406049718,bus_stop,Große Straße 71,HVV,platform,no,,"Garze, Gro?e Stra?e 71",5104,5111,no,no,,,,,,,,,,,,,2021-04-18,,,,,,,,,,,,,,,,,,,,,,,,,,
node,2406049696,bus_stop,Große Straße 3,HVV,platform,no,,"Garze, Gro?e Stra?e 3",,no,no,,,,,,,,,,,,,,,,,,,,,,,,,,,,,,,,,,,,,,,,
node,346183826,bus_stop,Lüner Rennbahn,HVV,platform,,KVG,"L?neburg, L?ner Rennbahn",,,,,yes,5007,,,,,,,,,,,,,,,,,,,,,,,,,,,,,,,,,,,,,
node,1330162044,bus_stop,Schlachthof,HVV,platform,no,KVG,"L?neburg, Schlachthof",,no,no,,yes,5007,,,,,,,,,no,,,,,,,,,,,,,,,,,,,,,,,,,,,,
node,104072787,bus_stop,Auf den Blöcken,HVV,platform,no,KVG,"L?neburg, Auf den Bl?cken",,no,no,,,5010,,,,,no,20141026,no,,,,,,,,,,,,,,,,,,,,,,,,,,,,,,
node,274859677,bus_stop,"Bleckede, Rathaus",,platform,,,,5101,5103,5104,ASM,no,,,yes,,,,,,,,,,,,,,,,,,,,,,,,,,,,,,,,,,,
node,425907797,bus_stop,Töpferdamm,HVV,platform,,,,,no,,,yes,,,,,,,,,,,,,,,,,,,,,,,,,,,,,,,,,,,,,,
node,386927750,bus_stop,"Walmsburg, Kateminer Straße",,platform,,,,5101,5131,no,,,,,,,,,,,,,,,,,,,,,,,,,,,,,,,,,,,,,,,,
node,3324922587,bus_stop,"Barskamp, Markt",HVV,platform,yes,,,5101,5103,5301,no,,,,,,,,,,,,,,,,,,,,,,,,,,,,,,,,,,,,,,,
node,320862727,bus_stop,"Bleckede, Elbweg",,platform,,,,5101,5104,5131,5151,5301,yes,,,,,,,,,,,,,,,,,,,,,,,,,,,,,,,,,,,,,
node,2936483856,bus_stop,"Alt Garge, Waldbad",,platform,,,,5101,ASM,no,,,,,,,,,,,,,,,,,,,,,,,,,,,,,,,,,,,,,,,,
node,3112209667,bus_stop,Brennbusch,HVV,platform,,,,,no,,,,,,,,,,,,,,,,,,,,,,,,,,,,,,,,,,,,,,,,,
node,3324922573,bus_stop,Walmsburger Straße,HVV,platform,,,,,,,,,,,,,,,,,,,,,,,,,,,,,,,,,,,,,,,,,,,,,,
node,3371516337,bus_stop,Turnhalle,HVV,platform,,,,,,,,,,,,,,,,,,,,,,,,,,,,,,,,,,,,,,,,,,,,,,
node,354506387,bus_stop,,HVV,platform,,,,,,,,,,,,,,,,,,,,,,,,,,,,,,,,,,,,,,,,,,,,,,
node,302553134,bus_stop,"Bleckede, Schiedenitzweg",,platform,,,,5101,no,,,yes,,,,,,,,,,,,,,,,,,,,,,,,,,,,,,,,,,,,,,
node,2481243765,bus_stop,Schieringen,HVV,platform,,,,,,,,,,,,,,,,,,,,,,,,,,,,,,,,,,,,,,,,,,,,,,
node,1075586972,bus_stop,"Reeßeln, Abzweigung",,platform,,,,5101,5131,yes,,,,,,,,,,,,,,,,,,,,,,,,,,,,,,,,,,,,,,,,
node,2377705328,bus_stop,"Breetze, Bokelstraße",,platform,,,,5103,yes,,,,,,,,,,,,,,,,,,,,,,,,,,,,,,,,,,,,,,,,,
node,320131115,bus_stop,"Breetze, Ziegelei",,platform,,,,5103,no,,,,,,,,,,,,,,,,,,,,,,,,,,,,,,,,,,,,,,,,,
node,297191245,bus_stop,"Artlenburg, Ost",HVV,stop_position,,KVG,,,,,,yes,,,,,,,,,,,,,,,,,,,,,,,,,,,,,,,,,,,,,,
node,2973160630,bus_stop,Bessemerstraße,HVV,platform,,KVG,"L?neburg, Bessemerstra?e",5005,ASM,no,,,,,,,,,,,,,,,,,,,,,,,,,,,,,,,,,,,,,,,,
node,1459111220,bus_stop,SZ Kaltenmoor,HVV,platform,,KVG,,,,,,yes,,,,,,,,,,,,,,,,,,,,,,,,,,,,,,,,,,,,,,
node,582819370,bus_stop,Rettmer (Mitte),HVV,platform,no,KVG,"L?neburg, Rettmer Mitte",5203,5606,5700,no,no,,,,,,,,no,,,,no,,,,,,,,,,,,,,,,,,,,,,,,,,
node,5239344687,bus_stop,"Oerzen, Im Dorfe",,platform,,,,-,yes,,,,,,,,,,,,,,,,,,,,,,,,,,,,,,,,,,,,,,,,,
node,668998388,bus_stop,"Amelinghausen, Grundschule",,platform,,,,5701,5703,yes,,,,,,,,,,,,,,,,,,B,,,,,,,,,,,,,,,,,,,,,,
node,1259355587,bus_stop,Kastanienweg,HVV,platform,,,"Dehnsen, Kastanienweg",5700,yes,,,,,,,,,,,,,,,,,,,,,,,,,,,,,,,,,,,,,,,,,
node,665485671,bus_stop,Dehnsener Straße,HVV,platform,,,"Etzen, Dehnsener Stra?e",5700,yes,,,,,,,,,,,,,,,,,,,,,,,,,,,,,,,,,,,,,,,,,
node,668998388,bus_stop,"Amelinghausen, Kirche",,platform,,,,5702,yes,no,,,,,,,,,,,,,,,,,,,,,,,,,,,,,,,,,,,,,,,,
node,665485671,bus_stop,Soltauer Straße,HVV,platform,no,,"Amelinghausen, Soltauer Stra?e",5700,no,no,,,,,,,,no,,,,,,,,,,,,,,,Kein Kasseler Bord,,,,,,,,,,,,,,,,,
node,318077802,bus_stop,Kloster Lüne,HVV,platform,,KVG,"L?neburg, Kloster L?ne",,yes,,,yes,,,,,,,,,,,,,,,,,,,,,,,,,,,,,,,,,,,,,,
node,2298685630,bus_stop,Nikolaihof,HVV,platform,no,KVG,,5002,5402,5405,no,no,,,,yes,,,,,,,,,,,,,,,,,,,,,,,,,,,,,,,,,,
node,270948120,bus_stop,DRK-Heim,HVV,platform,,KVG,"Adendorf, DRK-Heim",,,,,,5007,,,,,,,,,,,,,,,,,,,,,,,,,,,,,,,,,,,,,
node,395336856,bus_stop,Hasenburger Berg,HVV,platform,no,KVG,"L?neburg, Hasenburger Berg",,no,no,,yes,,,,,,no,,,,,,Kein Kasseler Bord vorhanden,,,,,,,,,,,,,,,,,,,,,,,,,,
node,268754159,bus_stop,Zentralfriedhof,HVV,platform,no,KVG,"L?neburg, Zentralfriedhof",,no,no,,yes,5007,,,,,no,,,,,,Kein Kasseler Bord vorhanden,,,,,,,,,,,,,,,,,,,,,,,,,,
node,323190902,bus_stop,Am Eiskeller,HVV,platform,yes,KVG,"L?neburg, Am Eiskeller",,yes,no,,,"5003, 5806-ASM",,,,,,,,,,,Kein Kasseler Bord,,Linien 5003 und 5806-ASM in beide Richtungen (Haltestelle aber nur auf einer Seite der Fahrbahn),,,,,,,,,,,,,,,,,,,,,,,,
node,305333659,bus_stop,Auf dem Knieberg,HVV,platform,no,KVG,"L?neburg, Auf dem Knieberg",,no,no,,yes,"5003, 5806-ASM",,,,,no,,,,,,Kein Kasseler Bord,,,,,,,,,,,,,,,,,,,,,,,,,,
node,2693352776,bus_stop,Heidkamp,HVV,platform,no,KVG,"L?neburg, Heidkamp",,no,,,yes,"5003,5920",,,,,,,,,,,,,,,,,,,,,,,,,,,,,,,,,,,,,
node,319010384,bus_stop,Meinekenhop,HVV,platform,yes,KVG,"L?neburg, Meinekenhop",,yes,no,,yes,"5003, 5806-ASM",,,,,yes,,,,,,,no,,,,,,,,,,,,,,,,,2021-11-12,,,,,,,,
node,175237596,bus_stop,Ringstraße,HVV,platform,yes,KVG,"L?neburg, Ringstra?e",,yes,,,yes,"5003, 5806-ASM",,,,,,,,,,,,,,,,,,,,,,,,,,,,,,,,,,,,,
node,318900995,bus_stop,Soltauer Straße (Kurzentrum),HVV,platform,,KVG,"L?neburg, Soltauer Stra?e (Kurzentrum)",,no,,,yes,5003,5007,5201,5600,5700,5702,5919,yes,,,,,,,,,,,,,,,,,,,,,,,,,,,,,,
node,4213538001,bus_stop,Sandfeld,HVV,platform,no,,"Bleckede, Sandfeld",5100,ASM,no,no,,,,,,,,yes,,,,no,,,,,,,,,,,,,,,,,,,,,,,,,,,
node,2936448612,bus_stop,Kurt-Löwenstein-Schule,HVV,platform,,,"Bleckede, Kurt-L?wenstein-Schule",,no,no,,yes,,,,,,,,,,,,,,,,,,,,,,,,,,,,,,,,,,,,,,
node,3347854743,bus_stop,Clamartpark,HVV,platform,yes,KVG,"L?neburg, Clamartpark",,no,yes,,yes,,,,,,yes,,,,no,,,,,,,,,,,,,,,,,,,,,,,,,,,,
node,395336864,bus_stop,Hasenburger Schule,HVV,platform,,KVG,"L?neburg, Hasenburger Schule",,yes,,,yes,"5003,5920",,,,,,,,,,,,,,,,,,,,,,,,,,,,,,,,,,,,,
node,374423407,bus_stop,Rosenkamp Wendeplatz,HVV,platform,no,KVG,"L?neburg, Rosenkamp Wendeplatz",,no,no,,yes,"5007,5920",,,,,,,,,,,,,,,,,,,,,,,,,,,,,,,,,,,,,
node,469967662,bus_stop,Övelgönner Weg,HVV,platform,no,KVG,"L?neburg, ?velg?nner Weg",,no,,,yes,"5007,5920",,,,,,,,,,,,,,,,,,,,,,,,,,,,,,,,,,,,,
node,6926404073,bus_stop,Bahnhofstraße,HVV,platform,,KVG,"Bardowick, Bahnhofstra?e",5002,5403,5404,no,,,,,yes,,,,,,,,,,,,,,,,,,,,,,,,,,,,,,,,,,
node,430358199,bus_stop,St.-Nikolai-Straße (Schule),HVV,platform,,KVG,"Bardowick, St.-Nikolai-Stra?e (Schule)",5002,no,,,,,yes,,,,,,,,,,,,,,,,,,,,,,,,,,,,,,,,,,,,
node,2988597647,bus_stop,Königsberger Straße,HVV,platform,,KVG,"L?neburg, Landwehr",,,,,yes,,,,,Bing,,,,,,,,,,,,,,,,,,,,,,,,,,,,,,,,,
node,2368355707,bus_stop,Pieperstraße,HVV,platform,,KVG,"Bardowick, Pieperstra?e",5002,no,,,,,,,,,,,,,,,,,,,,,,,,,,,,,,,,,,,,,,,,,
node,299750887,bus_stop,Am Graben,HVV,platform,no,KVG,"L?neburg, Am Graben",5005,ASM,no,no,,yes,,,,,,yes,,,,no,,Kein Kasseler Bord,,,,,,,,,,,,,,,,,,,,,,,,,
node,299750852,bus_stop,Böcklerstraße/TÜV,HVV,platform,,KVG,"L?neburg, Boecklerstra?e (T?V)",5005,ASM,no,,,,,,,,,,,,,,,,,,,,,,,,,,,,,,,,,,,,,,,,
node,3957759599,bus_stop,Eisenbahnbrücke,HVV,platform,no,KVG,"L?neburg, Eisenbahnbr?cke",5005,ASM,no,no,,,,,,,,yes,,,,no,,Kein Kasseler Bord,,,,,,,,,,,,,,,,,,,,,,,,,
node,1754660733,bus_stop,Goseburgstraße,HVV,platform,no,KVG,"L?neburg, Goseburgstra?e",5005,ASM,no,no,,,,,,,,yes,,,,,,Kein Kasseler Bord,,,,,,,,,,,,,,,,,,,,,,,,,
node,181476668,bus_stop,Ilmenaucenter,HVV,platform,no,KVG,"L?neburg, Ilmenaucenter",5005,ASM,no,no,,yes,,,,,,no,,,,no,,Kein Kasseler Bord,,,,,,,,,,,,,,,,,,,,,,,,,
node,268638530,bus_stop,Konrad-Zuse-Allee,HVV,platform,,KVG,"L?neburg, Konrad-Zuse-Allee",,no,,,yes,,,,,,,,,,,,,,,,,,,,,,,,,,,,,,,,,,,,,,
node,401250060,bus_stop,Dorfstraße,HVV,platform,no,KVG,"Erbstorf, Dorfstra?e",5007,AST,no,no,,,,,,,,no,,,,no,2021-12-03,,,,,,,,,,,,,,,,,,,,,,,,,,
node,382366792,bus_stop,EDEKA,HVV,platform,,KVG,"L?neburg, EDEKA",,,,,yes,,,,,,,,,,,,,,,,,,,,,,,,,,,,,,,,,,,,,,
node,339699613,bus_stop,Brockwinklerweg,HVV,,no,KVG,,,no,no,,,,,,,,,,,,,,,,,,,,,,,,,,,,,,,,,,,,,,,,
node,3305522864,bus_stop,"Wendewisch, Hittberger Straße 56",HVV,platform,,,,,,,,,,,,,,,,,,,,,,,,,,,,,,,,,,,,,,,,,,,,,,
node,401250060,bus_stop,"Erbstorf, Feuerwehr",HVV,platform,,KVG,"Erbstorf, Feuerwehr",5007,5918,5920,5925,yes,,,yes,,,,,,,,,,,,,,,,,,,Q896916,de:Hamburger Verkehrsverbund,,,,,,,,,,,,,,,
node,1687409703,bus_stop,An der Roten Bleiche (Universität),HVV,platform,yes,KVG,"L?neburg, An der Roten Bleiche",,yes,yes,,yes,5001,,,,,,,,,,,,,,,,,,,,,,,,,,,,,,,,,,,,,
node,111246693,bus_stop,Feldstraße (Universität),HVV,platform,no,KVG,"L?neburg, Feldstra?e (Universit?t)",,no,yes,,yes,5001,,,,,no,,,,yes,,,,,,,,,,,,,,,,,,,,,,,,,,,,
node,351118780,bus_stop,GHS Kreideberg,HVV,platform,,KVG,"L?neburg, GHS Kreideberg",,no,no,,,,,,,,,,,,,,,,,,,,,,,,,,,,,,,,,,,,,,,,
node,361362587,bus_stop,Herderschule,HVV,platform,no,KVG,"L?neburg, Herderschule",5404,5919,no,no,,,,,,,,,,,,,,,,,,,,,,,,,,,,,,,,,,,,,,,
node,292566443,bus_stop,Spechtsweg,HVV,platform,,KVG,"L?neburg, Spechtsweg",,,,,yes,,,,,,,,,,,,,,,,,,,,,,,,,,,,,ASM,,,,,,,,,
node,278240111,bus_stop,Abzweig Sommerbeck,,platform,,KVG,"Dahlenburg, Abzweig Sommerbeck",,,,,,,,,,,,,,,,,,,,,,,,,,,,,,,,,,,,,,,,,,,
node,306530329,bus_stop,Ehrenfriedhof,HVV,platform,,KVG,"Dahlenburg, Ehrenfriedhof",5300,5304,no,,,,,,,,,,,,,,,,,,,,,,,,,,,,,,,,,,,,,,,,
node,114242773,bus_stop,Kanalbrücke,HVV,platform,no,KVG,"L?neburg, Kanalbr?cke",5300,5304,no,no,,,,,,,,,,,,,,,,,,,,,,,,,,,,,,,,,,,,,,,
node,663385979,bus_stop,Amselweg,HVV,platform,,,"Embsen, Amselweg",,,,,,,,,,,,,,,,,,,,,,,,,,,,,,,,,,,,,,no,,,,,
node,8716771655,bus_stop,Heinsen,,platform,,,,5600,ASM,yes,,,,,,,,,,,,,,,,,,,,,,,,,,,,,,,,,,,,,,,,
node,419327205,bus_stop,Georg - Chors - Weg,HVV,platform,,KVG,"S?dergellersen, Georg-Chors-Weg",,yes,,,,,yes,,,,,,,,,,,,,,,,,,,,,,,,,,,,,,,,,,,,
node,456388987,bus_stop,"Boltersen, Bahnhofstra?e",HVV,platform,no,KVG,,5110,no,,,,,,,,,,,,,,,,,,,,,,,,,,,,,,,,,,,,,,,,,
node,3366247101,bus_stop,Im Ort,HVV,platform,no,,"Rullstorf, Im Ort",5110,no,no,,,,,,,,no,,,,,2021-09-05,,,,,,,,,,,,,,,,,,,,,,,,,,,
node,728601573,bus_stop,Neumühlen bei Rullstorf,,platform,,,,5110,yes,,,,,,,,,,,,,,,,,,,,,,,,,,,,,,,"Am Haltestellenschild vor Ort steht ""Bruchweg"", im HVV-Fahrplan ""Neum?hlen bei Rullstorf""",,,,,,,,,,
node,420155010,bus_stop,Das Rote Feld,Hamburger Verkehrsverbund,platform,,,"Westergellersen, Das rote Feld",4410,4618,5200,5201,no,,,yes,,,,,,,,,,,,,,,,,,,Q896916,de:Hamburger Verkehrsverbund,,,,,,,HVV,,,,,,,,
node,320858912,bus_stop,"Alt Garge, Hauptstraße",,platform,,,,5101,5301,ASM,yes,,,,,,,,,,,,,,,,,,,,,,,,,,,,,,,,,,,,,,,
node,278243150,bus_stop,"Eimstorf, Ort",HVV,platform,,,"Eimstorf, Ort",,,,,,,,,,,,,,,,,,,,,,,,,,,,,,,,,,,,,,,,,,,
node,369829358,bus_stop,Alte Salzstraße,,platform,,,"L?dershausen, Alte Salzstra?e",5900,5903,yes,,,,,,,,,,,,,,,,,,,,,,,,"Die Haltestelle tr?gt nachwievor am Schild den Namen ""Ort"" ..",,,,,,,,,,,,,,,,
node,2332372283,bus_stop,Artlenburger Landstraße,HVV,platform,,KVG,"L?neburg, Artlenburger Landstra?e",,no,no,,,,,,,,,,,,,,,,,,,,,,,,,,,,,,,,,,,,,,,,
node,2406061692,bus_stop,Bockelheide,HVV,platform,,,"Neetze, Bockelheide",5111,no,,,,,,,,,,,,,,,,,,,,,,,,,,,,,,,,,,,,,,,,,
node,317676997,bus_stop,"Wittorf, Birkenweg",HVV,platform,,KVG,,5402,yes,,,,,,,,,,,,,,,,,,,,,,,,,,,,,,,,,,,,,,,,,
node,8245152809,bus_stop,Veilchenring,HVV,platform,yes,KVG,,,yes,yes,,,5011,5920,no,,,,no,,,,,,Stufe in den Bus sind recht hoch,yes,,,,,,,,,,,,,,,,,,,,,,,,
node,433017861,bus_stop,"Horburg, Im Winkel",,platform,no,,,5405,5904,no,no,,,,,,,,,,,,,,,,,,,,,,,,,,,,,,,,,,,,,,,
node,362093968,bus_stop,"Horburg, Schule",,platform,no,,,5405,no,no,,,,,,,,no,,,,,,,,,,,,,,,,,,,,,,,,,,,,,,,,
node,582947071,bus_stop,"St. Dionys, Gotenweg",,platform,,,,5405,5451,5904,yes,,,,,,,,,,,,,,,,,,,,,,,,,,,,,,,,,,,,,,,
node,2370520897,bus_stop,"Artlenburg, Hopfenhof",,platform,,,,5903,no,,,,,limited,,Hopfenhof,,,,,,,,,,,,,,,,,,,,,,,,,,,,,,,,,,
node,275639229,bus_stop,"Barförde, Barförder Elbdeich 22",,platform,,,,5102,5152-AST,no,,,,,,,,,,,,,,,,,,,,,,,,,,,,,,,,,,,,,,,,
node,774862471,bus_stop,"Dahlenburg, Mittelfeld",,platform,,,,5103,ASM,no,,,,,,,,,,,,,,,,,,,,,,,,,,,,,,,,,,,,,,,,
node,8813390762,bus_stop,"Dahlenburg, Ehrenfriedhof",,platform,,,,5300,5304,yes,,,,,,,,,,,,,,,,,,,,,,,,,,,,,,,,,,,,,,,,
node,1411319176,bus_stop,"Bockelkathen, Auf dem Kreuze",,platform,no,,,5104,5901,yes,yes,,,,,,,,,,,,,,,,,,,,,,,,,,,,,,,,,,,,,,,
node,206278990,bus_stop,"Lüdersburg, Bachkoppelweg",,platform,,,,5104,5901,no,,,,,,,,,,,,,,,,,,,,,,,,,,,,,,,,,,,,,,,,
node,290823730,bus_stop,"Rosenthal, Ortsmitte",,platform,,,,5112,no,,,,,,,,,,,,,,,,,,,,,,,,,,,,,,,,,,,,,,,,,
node,275648240,bus_stop,"Bleckeder Moor, Zweiter Moorweg",,platform,,,,5104,no,,,,,,,,,,,,,,,,,,,,,,,,,,,,,,,,,,,,,,,,,
node,1067860447,bus_stop,"Karze, Am Rotdorn",,platform,,,,5104,no,,,,,,,,,,,,,,,,,,,,,,,,,,,,,,,,,,,,,,,,,
node,206278954,bus_stop,"Neu Jürgenstorf, Ort",,platform,,,,5104,5901,5917,yes,,,,,,,,,,,,,,2021-05-19,,,,,,,,,,,,,,,,,,,,,,,,,
node,206278954,bus_stop,"Neu Jürgenstorf, Rosenthaler Weg",,platform,,,,5104,5112,no,,,,,,,,,,,,,,,,,,,,,,,,,,,,,,,,,,,,,,,,
node,3751608250,bus_stop,"Neu Neetze, Haus Nr. 50",,platform,,,,5112,no,,,,,,,,,,,,,,,,,"Die Linie 5104 ist noch angeschrieben, f?hrt aber laut Fahrplan nicht mehr hierher.",,,,,,,,,,,,,,,,,,,,,,,,
node,287014411,bus_stop,"Garlstorf, Dorfstraße 36",,platform,,,,5102,5152-AST,yes,,,,,,,,,,,,,,,,,,,,,,,,,,,,,,,,,,,,,,,,
node,513951024,bus_stop,"Garlstorf, Dorfstraße 68",,platform,,,,5102,5152-AST,yes,,,,,,,,,,,,,,,,,,,,,,,,,,,,,,,,,,,,,,,,
node,1720652175,bus_stop,"Radegast, Pferdekoppel",,platform,,,,5102,5104,5152-AST,no,,,,,,,,,,,,,,,,,,,,,,,,,,,,,,,,,,,,,,,
node,410916180,bus_stop,"Radegast, Zum Kirchplatz",,platform,,,,5102,5104,5152-RufMobil,no,,,,,,,,,,,,,,,,,,,,,,,,,,,,,,,,,,,,,,,
node,482156873,bus_stop,"Radegast, Elbuferstraße 41",,platform,,,,5102,5152-AST,yes,,yes,,,,,,,,,,,,,,,,,,,,,,,,,,,,,,,,,,,,,,
node,1294141096,bus_stop,"Wendewisch, Hittberger Straße 59",,platform,,,,5102,5152-AST,yes,,yes,,,,,,,,,,,,,,,,,,,,,,,,,,,,,,,,,,,,,,
node,8991919413,bus_stop,"Wendewisch, Siedlung",,platform,,,,5102,5152-AST,yes,,,,,,,,,,,,,,,,,,,,,,,,,,,,,,,,,,,,,,,,
node,8716733466,bus_stop,"Barförde, Feuerwehr",,platform,,,,5102,5152-AST,no,,,,,,,,,,,,,,,,,,,,,,,,,,,,,,,,,,,,,,,,
node,3245889306,bus_stop,"Barförde, Hinter den Häfen",,platform,,,,5102,no,,,,,,,,,,,,,,,,,,,,,,,,,,,,,,,,,,,,,,,,,
node,8718605728,bus_stop,"Garlstorf, Schmiede",,platform,,,,5102,5152-AST,no,,,,,,,,,,,,,,,,,,,,,,,,,,,,,,,,,,,,,,,,
node,29539485,bus_stop,"Bullendorf, Brücke",,platform,,,,5902,5931,yes,,,,,,,,,,,,,,,,,,,,,,,,,,,,,,,,,,,,,,,,
node,260373655,bus_stop,"Hittbergen, Feldstraße",,platform,,,,5901,yes,,,,,,,,,,,,,,,,,,,,,,,,,,,,,,,,,,,,,,,,,
node,290823842,bus_stop,"Hittbergen, Im Kamp",,platform,,,,5102,5900,5901,5917,ASM,yes,,,,,,,,,,,,,,,,,,,,,,,,,,,,,,,,,,,,,
node,3882554551,bus_stop,"Hittbergen, Schönfeld",,platform,,,,5102,5917,yes,,,,,,,,,,,,,,,,,,,,,,,,,,,,,,,,,,,,,,,,
node,7342250178,bus_stop,Wennekath 5,,platform,,,,5114,5362,no,,,,,,,,,,,,,,,,,,,,,,,,,,,,,,,,,,,,,,,,
node,324045717,bus_stop,Wennekath 8,,platform,,,,5114,5362,yes,,,,,,,,,,,,,,,,,,,,,,,,,,,,,,,,,,,,,,,,
node,1281368280,bus_stop,Süttorf,,platform,,,,5114,no,,,,,,,,,,,,,,,,,,,,,,,,,,,,,,,,,,,,,,,,,
node,286860553,bus_stop,Neu Bleckede,,platform,,,,512,yes,,,,,,,,,,,,,,,,,,,,,,,,,,,,,,,,,,,,,,,,,
node,314668739,bus_stop,"Dahlenburg, Fliederweg",,platform,,,,5303,no,,,,,,,,,,,,,,,,,,,,,,,,,,"Am Haltestellenschild steht noch der Name ""Siedlung"".",,,,,,,,,,,,,,,
node,1711950728,bus_stop,"Lemgrabe, An der Kleinbahn",,platform,,,,5302,5303,ASM,yes,,,,,,,,,,,,,,,,,,,,,,,,,,,,,,,,,,,,,,,
node,289344634,bus_stop,Birkenhof,,platform,,,,5302,no,,,,,,,,,,,,,,,,,,,,,,,,,,,,,,,,,,,,,,,,,
node,1053087616,bus_stop,"Ellringen, Ellringer Neetzetal",,platform,yes,,,5103,yes,no,,,,,,,,,,,,,,,,,,,,,,,,,,,,,,,,,,,,,,,,
node,1838536537,bus_stop,Klein Sommerbeck 15,,platform,,,,5302,yes,,,,,,,,,,,,,,,,,,,,,,,,,,"Am Haltestellenschild steht noch der Name ""Klein Sommerbeck"".",,,,,,,,,,,,,,,
node,82615616,bus_stop,"Wiecheln, Abzweig K 26",,platform,,,,5114,5362,no,,,,,,,,,,,,,,,,,,,,,,,,,,,,,,,,,,,,,,,,
node,317372769,bus_stop,"Barskamp, Hohe Luft",,platform,,,,5103,no,,,,,,,,,,,,,,,,,,,,,,,,,,,,,,,,,,,,,,,,,
node,252229125,bus_stop,Feldstraße,,platform,no,,"Bardowick, Feldstra?e",5002,5403,5404,ASM,yes,no,,,,yes,,,,no,,,,no,,,,,,,,,,,,,,,,,,,,,,,,,
node,311593778,bus_stop,"Radbruch, Peerort",HVV,platform,yes,,,5403,5404,yes,no,,yes,,,,,,yes,,,,yes,,,,,,,,,Q896916,de:Hamburger Verkehrsverbund,,,,,,,,,,,,,,,,,
node,7950259357,bus_stop,"Echem, Dorfstraße",,platform,,,,5902,5931,yes,,,,,,,,,,,,,,,,,,,,,,,,,,,,,,,,,,,,,,,,
node,299136013,bus_stop,"Marienthal, Alte Salzstraße",,platform,yes,,,5900,5903,yes,no,,,,,,,,yes,,,,,,,,,,,,,,,"Die Haltestelle tr?gt nachwievor den Namen ""Ort"" ..",,,,,,,,,,,,,Fahrplan,,,
node,7466201289,bus_stop,"Radbruch, Mühle",,platform,,,,5403,no,,,,,,,,,,,,,,,,,,,,,,,,,,,,,,,,,,,,,,,,,
node,1938275557,bus_stop,"Radbruch, Wittorferweg",,platform,yes,,,5403,yes,,,,,yes,,,,,,,,,2021-11-12,,,,,,,,,,,,,,,,,,,,,,,,,,,
node,393824226,bus_stop,"Bardowick, Wendeplatz",,platform,,,,5403,5404,no,,,,,,,,,,,,,,,,,,,,,,,,,,,,,,,,,,,,,,,,
node,7046503994,bus_stop,Hamburger Landstraße,,platform,yes,,,4714,5402,no,,,,,,,,,,,,,,,,,,,,,,,,,,,,,,,,,,,,,,,,
node,2697806584,bus_stop,"Artlenburg, Mühle",,platform,no,,,5903,no,no,,,,,,,,,,,,,,,,,,,,,,,,,,,,,,,,,,,,,,,,
node,356905909,bus_stop,"Dachtmissen, Waldweg",,platform,,,,5202,5203,yes,,,,,,,,,,,,,,,,,,,,,,,,,,,,,,,,,,,,,,,,
node,7048403408,bus_stop,"Wittorf, Hauptstraße",,platform,,,,5402,5405,no,,,,,,,,,,,,,,,,,,,,,,,,,,,,,,,,,,,,,,,,
node,2537095340,bus_stop,"Wittorf, Brücke",,platform,,,,5405,no,,,,,,,,,,,,,,,,,,,,,,,,,,,,,,,,,,,,,,,,,
node,2536581848,bus_stop,"Wittorf, Neulander Weg",,platform,,,,5402,yes,,,,,,,,,,,,,,,,,,,,,,,,,,,,,,,,,,,,,,,,,
node,7679492562,bus_stop,"Handorf, Mühle",,platform,yes,,,5402,yes,no,,,,,,,,yes,,,,,,,,,,,,,,,,,,,,,,,,,,,,,,,,
node,880485710,bus_stop,"Handorf, Ortsmitte",,platform,yes,,,5402,yes,no,,,,yes,,,,yes,,,,,,,,,,,,,,,Das Warteh?uschen befindet sich etwas 100m s?dlich die Hauptstra?e entlang,,,,,,,,,,,,,,,,,
node,294214964,bus_stop,"Vastorf, Gifkendorfer Straße",,platform,,,,5361,5362,yes,,,,,,,,,,,,,,,,,,,,,,,,,,,,,,,,,,,,,,,,
node,278802893,bus_stop,"Vastorf, Bahnbrücke",,platform,,,,5361,5362,yes,,,,,,,,,,,,,,,,,,,,,,,,,,,,,,,,,,,,,,Bush?uschen befindet sich in der Nebenstra?e ..,,
node,109348618,bus_stop,"Horndorf, Kreuzung B 216",,platform,yes,,,5300,5304,yes,no,,,,,,,,no,,,,no,,,,,,,,,,,,,,,,,,,,,,,,,,,
node,8526832480,bus_stop,"Rohstorf, Ort",,platform,,,,5361,5362,yes,,,,,,,,,,,,,,,,,,,,,,,,,,,,,,,,,,,,,,,,
node,1851919318,bus_stop,Volkstorf,,platform,,,,5361,5362,yes,,yes,,,,,,,,,,,,,,,,,,,,,,,,,,,,,,,,,,,,,,
node,121136981,bus_stop,Schule B,HVV,platform,,,"Barendorf, Schule",5361,no,,,,,,,,,,,,,,,,,,,,,,,,,,,,,,,,,,,,,,,,,
node,82615634,bus_stop,"Ellringen, Kettelberg",,platform,no,,,5362,no,no,,,,,,,,,,,,,,,,,,,,,,,,,,,,,,,,,,,,,,,,
node,324243468,bus_stop,"Neetze, Am Ried",,platform,,,,5112,no,,,,,,,,,,,,,,,,,,,,,,,,,,,,,,,,,,,,,,,,,
node,1392485084,bus_stop,"Neu Jürgenstorf, Ahrenschulter",,platform,yes,,,5104,yes,no,,,,,,,,,,,,,,,,,,,,,,,,,"Am Schild steht noch ""Abzw. Ahrenschulter"" ..",,,,,,,,,,,,,,,
node,290823737,bus_stop,"Rosenthal, L 219",,platform,,,,5104,5102,yes,,,,,,,,,,,,,,,,,,,,,,,,,,"Am Schild steht noch ""Rosenthal"" ..",,,,,,,,,,,,,,
node,8935642944,bus_stop,Vogelsang 11,,platform,,,,5104,no,,,,,,,,,,,,,,,,,,,,,,,,,,"Am Schild steht noch ""Haus Nr. 11"" ..",,,,,,,,,,,,,,,
node,8935642937,bus_stop,"Vogelsang, Ort",,platform,,,,5104,5152-ASM,no,,,,,,,,,,,,,,,,,,,,,,,,,,,,,,,,,,,,,,,,
node,275648241,bus_stop,"Bleckeder Moor, Heidmoor",,platform,,,,5104,5152-ASM,no,,,,,,,,,,,,,,,,,,,,,,,,,,,,,,,,,,,,,,,,
node,1825241579,bus_stop,"Bleckeder Moor, Fuchsweg",,platform,,,,5104,yes,,,,,,,,,,,,,,,,,,,,,,,,,,,,,,,,,,,,,,,,,
node,287014402,bus_stop,"Garlstorf, Neu Brackede",,platform,,,,5102,yes,,,,,,,,,,,,,,,,,,,,,,,,,,,,,,,,,,,,,,,,,
node,287014402,bus_stop,"Brackede, Abzweig Garlstorf",,platform,,,,5102,5104,5152-AST,no,,,,,,,,,,,,,,,,,,,,,,,,,,,,,,,,,,,,,,,
node,482156862,bus_stop,"Barförde, Poggenort",,platform,,,,5102,5917,5152-AST,yes,,,,,,,,,,,,,,,,,,,,,,,,,,,,,,,,,,,,,,,
node,3235803043,bus_stop,"Barförde, Elbdeich 15",,platform,,,,5102,5917,5152-AST,no,,,,,,,,,,,,,,,,,,,,,,,,,,,,,,,,,,,,,,,
node,2376837835,bus_stop,Kirchgellerser Straße,,platform,,,,5201,5203,ASM,no,,,,,,,,,,,,,,,,,,,,,,,,,,,,,,,,,,,,,,,
node,419327366,bus_stop,"Südergellersen, Stähwiesen",HVV,platform,,KVG,,5201,5203,yes,,,,,yes,,,,,,,,,,,,,,,,,,,,,,,,,,,,,,,,,,,
node,265791156,bus_stop,"Kirchgellersen, Grundschule",,platform,,,,5201,no,,,,,,,,,,,,,,,,,,,,,,,,,,,,,,,,,,,,,,,,,
node,354956451,bus_stop,Dachtmisser Straße,,platform,,,,5202,5203,no,,,yes,,,,,,,,,,,,,,,,,,,,,,,,,,,,,,,,,,,,,
node,665485671,bus_stop,"Amelinghausen, Bahnhof",,platform,yes,,,4406,5701,5706,yes,no,,,,,,,,,,,,,,,,,,,,,,,,,,,,,,,,,,,,,,
node,303148144,bus_stop,Tartuer Platz,HVV,platform,no,KVG,"L?neburg, Tartuer Platz",,no,yes,,,5004,,,,,no,,,,no,,,no,,,,,,,,,,,,,,,,,,,,,,,,,
node,1417611429,bus_stop,"Wendhausen, Wendenstraße",,platform,,,,5110,5362,yes,,,,,,,,,,,,,,,,,,,,,,,,,,,,,,,,,,,,,,,,
node,767330154,bus_stop,"Holzen, Op dan Brink",,platform,yes,,,5110,5362,ASM,yes,no,yes,,,,,,,,,,,yes,,,,,,,,,,,,,,,,,,,,,,,,,,
node,290823834,bus_stop,"Neu Neetze, Denker",,platform,,,,5112,yes,,,,,,,,,,,,,,,,,,,,,,,,,,,,,,,,,,,,,,,,,
node,272772967,bus_stop,"Gienau, Wiebecker Straße",,platform,,,,5303,no,,,,,,,,,,,,,,,,,,,,,,,,,,,,,,,,,,,,,,,,,
node,317985403,bus_stop,Groß Sommerbeck 3,,platform,,,,5302,yes,,yes,,,,,,,,,,,,,,,,,,,,,,,,"Am Haltestellenschild steht noch der Name ""Gro? Sommerbeck"".",,,,,,,,,,,,,,,
node,1286011651,bus_stop,"Neu Neetze, Tennisclub",,platform,no,,,5112,no,no,,,,,,,,,,,,no,2021-04-10,,,,,,,,,,,,,,,,,,,,,,,,,,,
node,6401544528,bus_stop,Konrad-Adenauer-Straße Ost,HVV,platform,no,,"L?neburg, Konrad-Adenauer-Stra?e Ost",,no,yes,,yes,5019,,,,,,,,,,,,,,,,,,,,,,,,,,,,,,,,,,,,,
